DATE(UTC),1A01P Yellowhead Lake,1A02P McBride Upper,1A03P Barkerville,1A05P Longworth Upper,1A12P Kaza Lake,1A14P Hedrick Lake,1A15P Knudsen Lake,1A17P Revolution Creek,1A19P Dome Mountain,1B01P Mount Wells,1B02P Tahtsa Lake,1B08P Mt. Pondosy,1C05P McGillivray Pass,1C12P Green Mountain,1C14P Bralorne,1C17P Mount Timothy,1C18P Mission Ridge,1C20P Boss Mountain Mine,1C22AP Puntzi Mountain,1C23P Penfold Creek,1C29P Shovelnose Mountain,1C32P Deadman River,1C38P Downton Lake Upper,1C40P North Tyaughton,1C41P Yanks Peak,1C43P Bridge Glacier Proglacial Lake,1C44P Paradise Lake,1C45P July Mountain,1D06P Tenquille Lake,1D08P Lamont Creek Upper,1D09P Wahleach Lake,1D17P Chilliwack River,1D19P Spuzzum,1E02P Mount Cook,1E03AP Trophy Mountain,1E08P Azure River,1E10P Kostal Lake,1E14P Cook Creek,1F03P Park Mountain,1F04P Enderby,1F06P Celista,2A06P Mount Revelstoke,2A18P Keystone Creek,2A21P Molson Creek,2A30P Colpitti Creek,2A31P Caribou Creek,2A32P Wildcat Creek,2A34P Glacier NP Rogers Pass Lower,2A35P Fred Laing Lower,2B06P Barnes Creek,2B08P St. Leon Creek,2C09Q Morrissey Ridge,2C10P Moyie Mountain,2C14P Floe Lake,2D07AP Duncan Lake Dam 2,2D08P East Creek,2D10P Gray Creek Upper,2D14P Redfish Creek,2E07P Grano Creek,2F01AP Trout Creek West,2F05P Mission Creek,2F08P Greyback Reservoir,2F09P Whiterocks Mountain,2F10P Silver Star Mountain,2F18P Brenda Mine,2F19P Oyama Lake,2G03P Blackwall Peak,3A09P Palisade Lake,3A20P Callaghan Creek,3A22P Nostetuko River,3A24P Mosley Creek Upper,3A25P Squamish River Upper,3A28P Tetrahedron,3B17P Wolf River Upper,3B23P Jump Creek,3B24P Heather Mountain Upper,3B26P Mount Arrowsmith,3C08P Burnt Bridge Creek,4A02P Pine Pass,4A03P Ware Upper,4A04P Ware Lower,4A09P Pulpit Lake,4A10P Fredrickson Lake,4A12P Tsaydaychi Lake,4A13P Philip Lake,4A18P Mount Sheba,4A20P Monkman Creek,4A27P Kwadacha North,4A30P Aiken Lake,4A31P Crying Girl Prairie,4A33P Muskwa-Kechika,4A34P Dowling Creek,4A36P Parsnip Upper,4A37P McQue Terrace,4A38P Horn Creek,4A39P Chowade Upper,4B02P Johanson Lake,4B15P Lu Lake,4B16P Shedin Creek,4B17P Tsai Creek,4B18P Cedar-Kiteen,4C01P Sikanni Lake,4C20P Sierra Climate,4C21P Two Island Climate,4D10P Tumeka Creek,4D11P Kinaskan Lake,4D16P Forrest Kerr Mid Elevation Snow,4D17P Forrest Kerr High Elevation Snow,4E01P Log Cabin
2023-10-01 00:00,,,,,,,,,,,,,,,,,,,,,,,,,,,,,,,,,,,,,,,,,,,,,,,,,,,,,,,,,,,,,,,,,,,,,,,,,,,,,,,,,,,,,,,,,,,,,,,,,,,,,,,,,,,1,1,
2023-10-01 16:00,0,0,0,21,0,0,0,0,0,6,,3,0,0,0,0,0,0,0,2,0,0,0,0,0,0,0,,0,0,0,0,0,0,14,0,0,0,0,0,0,11,0,0,0,0,0,0,0,0,1,9,0,12,0,0,0,22,0,0,9,0,0,0,0,0,0,0,0,0,0,0,0,0,,0,0,0,0,0,0,0,10,0,0,0,0,0,0,0,0,0,0,0,0,3,0,0,0,0,0,0,0,0,0,0,,,
2023-10-02 00:00,,,,,,,,,,,,,,,,,,,,,,,,,,,,,,,,,,,,,,,,,,,,,,,,,,,,,,,,,,,,,,,,,,,,,,,,,,,,,,,,,,,,,,,,,,,,,,,,,,,,,,,,,,,13,22,
2023-10-02 16:00,0,0,0,15,0,0,0,0,0,6,,3,0,0,0,0,0,0,0,2,0,0,0,0,0,0,0,,0,0,0,0,0,0,13,0,0,0,0,0,0,5,0,0,0,0,0,0,0,0,0,6,0,12,0,0,0,17,0,0,8,0,0,0,0,0,0,0,0,0,0,0,0,0,,0,0,0,0,0,0,0,0,0,0,0,0,0,0,0,0,0,0,0,0,3,0,0,0,0,0,0,0,0,0,0,,,
2023-10-03 00:00,,,,,,,,,,,,,,,,,,,,,,,,,,,,,,,,,,,,,,,,,,,,,,,,,,,,,,,,,,,,,,,,,,,,,,,,,,,,,,,,,,,,,,,,,,,,,,,,,,,,,,,,,,,3,32,
2023-10-03 16:00,0,0,0,14,0,0,0,0,0,6,,3,0,0,0,0,0,0,0,2,0,0,0,0,0,0,0,,0,0,0,0,0,0,4,0,0,0,0,0,0,,0,0,0,0,0,0,0,0,0,4,0,9,0,0,0,10,0,0,0,0,0,0,0,0,0,1,0,0,0,0,0,0,,0,0,0,0,0,0,0,0,0,0,0,0,0,0,0,0,0,0,0,0,3,0,0,0,0,0,0,0,0,0,0,,,
2023-10-04 00:00,,,,,,,,,,,,,,,,,,,,,,,,,,,,,,,,,,,,,,,,,,,,,,,,,,,,,,,,,,,,,,,,,,,,,,,,,,,,,,,,,,,,,,,,,,,,,,,,,,,,,,,,,,,3,46,
2023-10-04 16:00,0,0,0,13,0,0,0,0,0,6,,3,0,0,0,0,0,0,0,2,0,0,0,0,0,0,0,,0,0,0,0,0,0,,0,0,2,0,0,0,,0,0,0,0,0,0,0,0,0,4,0,7,0,0,0,1,0,0,0,0,0,0,0,0,0,0,0,0,0,0,0,0,,0,0,0,0,0,0,0,0,0,0,0,0,0,0,0,0,0,0,0,0,3,0,0,0,0,0,0,0,0,0,0,,,
2023-10-05 00:00,,,,,,,,,,,,,,,,,,,,,,,,,,,,,,,,,,,,,,,,,,,,,,,,,,,,,,,,,,,,,,,,,,,,,,,,,,,,,,,,,,,,,,,,,,,,,,,,,,,,,,,,,,,2,38,
2023-10-05 16:00,0,0,0,8,0,0,0,0,0,6,,2,0,0,0,0,0,0,0,3,0,0,0,0,0,0,0,,0,0,0,0,0,0,,0,0,2,0,0,0,3,0,0,0,,0,0,0,0,0,4,0,3,0,0,0,0,0,0,0,0,0,0,0,0,0,0,0,0,0,0,0,0,,0,0,0,0,0,0,0,0,0,0,0,0,0,0,0,0,0,0,0,0,2,0,0,0,0,0,0,0,0,0,0,,,
2023-10-06 00:00,,,,,,,,,,,,,,,,,,,,,,,,,,,,,,,,,,,,,,,,,,,,,,,,,,,,,,,,,,,,,,,,,,,,,,,,,,,,,,,,,,,,,,,,,,,,,,,,,,,,,,,,,,,3,36,
2023-10-06 16:00,0,0,0,8,0,0,0,0,0,5,2,3,0,0,0,0,0,0,0,3,0,0,0,0,0,0,0,0,0,0,0,0,0,0,,0,0,2,0,0,0,2,0,0,0,3,0,0,0,0,0,4,0,0,0,0,0,0,0,0,0,0,0,0,0,0,0,0,0,0,0,0,0,0,,0,0,0,0,0,0,0,0,0,0,0,0,0,0,0,0,0,0,0,0,3,0,0,0,0,0,0,0,0,0,0,,,
2023-10-07 00:00,,,,,,,,,,,,,,,,,,,,,,,,,,,,,,,,,,,,,,,,,,,,,,,,,,,,,,,,,,,,,,,,,,,,,,,,,,,,,,,,,,,,,,,,,,,,,,,,,,,,,,,,,,,2,3,
2023-10-07 16:00,0,0,0,6,0,0,0,0,0,6,1,3,0,0,0,0,0,0,0,2,0,0,0,0,0,0,0,,0,0,0,0,0,0,,0,0,2,0,0,0,1,0,0,0,3,0,0,0,0,0,4,0,0,0,0,0,0,0,0,0,0,0,0,0,0,0,0,0,0,0,0,0,0,,0,0,0,0,0,0,0,0,0,0,0,0,0,0,0,0,0,0,0,0,3,0,0,0,0,0,0,0,0,0,0,,,
2023-10-08 00:00,,,,,,,,,,,,,,,,,,,,,,,,,,,,,,,,,,,,,,,,,,,,,,,,,,,,,,,,,,,,,,,,,,,,,,,,,,,,,,,,,,,,,,,,,,,,,,,,,,,,,,,,,,,1,2,
2023-10-08 16:00,0,0,0,3,0,0,0,0,0,6,0,3,0,0,0,0,0,0,0,2,0,0,0,0,0,0,0,0,0,0,0,0,0,0,,0,0,2,0,0,0,1,0,0,0,4,0,0,0,0,0,3,0,0,0,0,0,0,0,0,0,0,0,0,0,0,0,0,0,0,0,0,0,0,,0,0,0,0,0,0,0,0,0,0,0,0,0,0,0,0,0,0,0,0,3,0,0,0,0,0,0,0,0,0,0,,,
2023-10-09 00:00,,,,,,,,,,,,,,,,,,,,,,,,,,,,,,,,,,,,,,,,,,,,,,,,,,,,,,,,,,,,,,,,,,,,,,,,,,,,,,,,,,,,,,,,,,,,,,,,,,,,,,,,,,,3,3,
2023-10-09 16:00,0,0,0,7,0,0,0,0,0,6,2,3,0,0,0,0,0,0,0,2,0,0,0,0,0,0,0,0,0,0,0,0,0,0,,0,0,2,0,0,0,1,0,0,0,5,0,0,0,0,0,2,0,0,0,0,0,0,0,0,0,0,0,0,0,0,0,0,0,0,0,0,0,0,,0,0,0,0,0,0,0,0,0,0,0,0,0,0,0,0,0,0,0,0,3,0,0,0,0,0,0,0,0,0,0,,,
2023-10-10 00:00,,,,,,,,,,,,,,,,,,,,,,,,,,,,,,,,,,,,,,,,,,,,,,,,,,,,,,,,,,,,,,,,,,,,,,,,,,,,,,,,,,,,,,,,,,,,,,,,,,,,,,,,,,,2,4,
2023-10-10 16:00,0,0,0,3,0,0,0,0,0,6,3,4,0,0,0,0,0,0,0,2,0,0,0,0,0,0,0,,0,0,0,0,0,0,,0,0,2,0,0,0,1,0,0,0,5,0,1,0,0,0,1,0,0,0,0,0,0,0,0,0,0,0,0,0,0,0,0,0,0,0,0,0,0,,0,0,0,0,0,0,0,0,0,0,0,0,0,0,0,0,0,0,0,0,3,0,0,0,0,0,0,0,0,0,0,,,
2023-10-11 00:00,,,,,,,,,,,,,,,,,,,,,,,,,,,,,,,,,,,,,,,,,,,,,,,,,,,,,,,,,,,,,,,,,,,,,,,,,,,,,,,,,,,,,,,,,,,,,,,,,,,,,,,,,,,2,2,
2023-10-11 16:00,0,0,0,2,0,0,0,0,0,6,3,4,0,0,0,0,0,0,0,2,0,0,0,0,0,0,0,,0,0,0,0,0,0,,0,0,2,0,0,0,1,0,0,0,4,0,1,0,0,0,3,0,0,0,0,0,0,0,0,0,0,0,0,0,0,0,1,0,0,0,0,0,0,,0,0,0,0,0,0,0,0,0,0,0,0,0,0,0,0,0,0,0,0,3,0,0,0,0,8,0,0,0,0,0,,,
2023-10-12 00:00,,,,,,,,,,,,,,,,,,,,,,,,,,,,,,,,,,,,,,,,,,,,,,,,,,,,,,,,,,,,,,,,,,,,,,,,,,,,,,,,,,,,,,,,,,,,,,,,,,,,,,,,,,,1,2,
2023-10-12 16:00,0,0,0,13,0,0,0,0,0,5,3,4,0,0,0,0,0,0,0,2,0,0,0,0,0,0,0,,0,0,0,0,0,0,,0,0,2,0,0,0,1,0,0,0,3,0,,0,0,0,5,0,0,0,0,0,0,0,0,0,0,0,0,0,0,0,1,0,0,0,0,0,0,,0,0,0,0,0,0,0,0,0,0,0,0,0,0,0,0,0,0,0,0,3,0,0,0,0,6,0,0,0,0,0,,,
2023-10-13 00:00,,,,,,,,,,,,,,,,,,,,,,,,,,,,,,,,,,,,,,,,,,,,,,,,,,,,,,,,,,,,,,,,,,,,,,,,,,,,,,,,,,,,,,,,,,,,,,,,,,,,,,,,,,,1,2,
2023-10-13 16:00,0,0,0,15,0,0,0,0,0,5,3,5,0,0,0,0,0,0,0,2,0,0,0,0,0,0,0,,0,0,0,0,0,0,,0,0,2,0,0,0,1,0,0,0,4,0,0,0,0,0,5,0,0,0,0,0,0,0,0,0,0,0,0,0,0,0,0,0,0,0,0,0,0,,0,0,0,0,0,0,0,0,0,0,0,0,0,0,1,0,0,0,0,0,2,0,0,0,0,7,0,0,0,0,0,,,
2023-10-14 00:00,,,,,,,,,,,,,,,,,,,,,,,,,,,,,,,,,,,,,,,,,,,,,,,,,,,,,,,,,,,,,,,,,,,,,,,,,,,,,,,,,,,,,,,,,,,,,,,,,,,,,,,,,,,1,1,
2023-10-14 16:00,0,0,0,12,0,0,0,0,0,6,3,3,0,0,0,0,0,0,0,3,0,0,0,0,0,0,0,,0,0,0,0,0,0,,0,0,2,0,0,0,,0,0,0,3,1,,0,0,0,5,0,0,0,0,0,0,0,0,0,0,0,0,0,0,0,0,0,0,0,0,0,0,,0,0,0,0,0,0,0,0,0,0,0,0,0,0,0,0,0,0,0,0,3,0,,0,0,7,0,0,0,0,0,,,
2023-10-15 00:00,,,,,,,,,,,,,,,,,,,,,,,,,,,,,,,,,,,,,,,,,,,,,,,,,,,,,,,,,,,,,,,,,,,,,,,,,,,,,,,,,,,,,,,,,,,,,,,,,,,,,,,,,,,1,2,
2023-10-15 16:00,0,0,0,17,0,0,0,0,0,6,4,3,0,0,0,0,0,0,0,3,0,0,0,0,0,0,0,,0,0,0,0,0,0,,0,0,2,0,0,0,,0,0,0,4,2,,0,0,0,5,0,0,0,0,0,0,0,0,0,0,0,0,0,0,0,0,0,0,0,0,0,0,,0,0,0,0,0,0,0,0,0,0,0,0,0,0,0,0,0,0,0,0,2,0,,0,0,6,0,0,0,0,0,,,
2023-10-16 00:00,,,,,,,,,,,,,,,,,,,,,,,,,,,,,,,,,,,,,,,,,,,,,,,,,,,,,,,,,,,,,,,,,,,,,,,,,,,,,,,,,,,,,,,,,,,,,,,,,,,,,,,,,,,1,2,
2023-10-16 16:00,0,0,0,7,0,0,0,0,0,6,3,4,0,0,0,0,0,0,0,2,0,0,0,0,0,0,0,,0,0,0,0,0,0,,0,0,2,0,0,0,,0,0,0,4,2,,0,0,0,5,0,,0,0,0,0,0,0,0,0,0,0,0,0,0,0,0,0,0,0,0,0,,0,0,0,0,0,0,0,0,0,0,0,0,0,0,0,0,0,0,0,0,2,0,,0,0,6,0,0,0,0,0,,,
2023-10-17 00:00,,,,,,,,,,,,,,,,,,,,,,,,,,,,,,,,,,,,,,,,,,,,,,,,,,,,,,,,,,,,,,,,,,,,,,,,,,,,,,,,,,,,,,,,,,,,,,,,,,,,,,,,,,,2,3,
2023-10-17 16:00,0,0,0,7,0,0,0,0,0,6,3,4,0,0,0,0,0,0,0,5,0,0,0,0,0,0,0,0,0,0,0,0,0,0,4,0,0,2,0,0,0,2,2,0,0,9,10,0,0,0,10,10,0,2,0,0,0,0,0,0,0,0,0,0,0,0,0,0,0,0,0,0,0,0,,0,0,0,0,0,0,0,0,0,0,0,0,0,0,1,0,0,0,0,0,4,0,,0,0,6,0,0,0,0,0,,,
2023-10-18 00:00,,,,,,,,,,,,,,,,,,,,,,,,,,,,,,,,,,,,,,,,,,,,,,,,,,,,,,,,,,,,,,,,,,,,,,,,,,,,,,,,,,,,,,,,,,,,,,,,,,,,,,,,,,,3,13,
2023-10-18 16:00,0,0,0,7,0,0,0,0,0,6,3,4,0,0,0,0,0,0,0,2,0,0,0,0,0,0,0,,0,0,0,0,0,6,,0,0,2,0,0,0,21,27,13,14,14,15,5,0,0,8,6,0,8,0,8,2,0,0,0,0,0,0,0,0,0,0,0,0,0,0,0,0,0,,0,0,0,0,0,0,0,0,0,0,0,0,0,0,0,0,0,0,0,0,3,0,0,0,0,13,0,0,0,0,0,,,
2023-10-19 00:00,,,,,,,,,,,,,,,,,,,,,,,,,,,,,,,,,,,,,,,,,,,,,,,,,,,,,,,,,,,,,,,,,,,,,,,,,,,,,,,,,,,,,,,,,,,,,,,,,,,,,,,,,,,4,38,
2023-10-19 16:00,0,0,0,7,0,0,0,0,0,7,5,4,0,0,0,0,0,0,0,2,0,0,0,0,0,0,0,,0,0,0,0,0,1,,0,0,2,0,0,0,16,15,23,30,37,26,2,0,0,2,5,0,14,0,11,,0,0,0,0,0,0,0,0,0,0,0,0,0,0,0,0,0,,0,0,0,0,0,0,0,0,0,0,0,0,0,0,0,0,0,0,0,0,3,0,,0,0,14,0,0,0,0,0,,,
2023-10-20 00:00,,,,,,,,,,,,,,,,,,,,,,,,,,,,,,,,,,,,,,,,,,,,,,,,,,,,,,,,,,,,,,,,,,,,,,,,,,,,,,,,,,,,,,,,,,,,,,,,,,,,,,,,,,,3,36,
2023-10-20 16:00,0,0,0,8,0,0,0,0,0,5,4,5,0,0,0,0,0,0,0,2,0,0,0,0,0,0,0,,0,0,0,0,0,0,,0,0,2,0,0,0,3,5,9,20,11,6,2,0,0,1,3,0,3,0,1,,0,0,0,0,0,0,0,0,0,0,0,8,0,0,0,0,0,,0,0,0,0,0,0,0,0,0,0,0,0,0,0,0,0,0,0,0,0,3,0,,0,0,11,0,0,0,0,0,,,
2023-10-21 00:00,,,,,,,,,,,,,,,,,,,,,,,,,,,,,,,,,,,,,,,,,,,,,,,,,,,,,,,,,,,,,,,,,,,,,,,,,,,,,,,,,,,,,,,,,,,,,,,,,,,,,,,,,,,2,32,
2023-10-21 16:00,0,0,0,7,0,0,0,0,0,0,3,5,0,0,0,0,0,0,0,2,0,0,0,0,0,0,0,,0,0,0,0,0,0,,0,0,2,0,0,0,1,1,6,9,5,1,2,0,0,0,3,0,,0,,,0,0,0,0,0,0,0,0,0,0,0,7,0,0,0,0,0,,0,0,0,0,0,0,0,0,0,0,0,0,1,0,1,0,0,0,,0,3,0,,0,0,8,0,0,0,0,0,,,
2023-10-22 00:00,,,,,,,,,,,,,,,,,,,,,,,,,,,,,,,,,,,,,,,,,,,,,,,,,,,,,,,,,,,,,,,,,,,,,,,,,,,,,,,,,,,,,,,,,,,,,,,,,,,,,,,,,,,3,34,
2023-10-22 16:00,0,0,0,0,0,0,0,0,0,0,3,4,0,0,0,0,0,0,0,2,0,0,0,0,0,0,0,,0,0,0,0,0,0,,0,0,2,0,0,0,,1,4,9,5,,2,0,0,0,4,0,0,0,0,,0,0,0,0,0,0,0,0,0,0,0,5,0,0,0,0,0,,0,0,0,0,0,0,0,6,0,0,0,0,3,0,8,5,6,0,5,8,13,0,,0,0,8,0,0,0,0,0,,,
2023-10-23 00:00,,,,,,,,,,,,,,,,,,,,,,,,,,,,,,,,,,,,,,,,,,,,,,,,,,,,,,,,,,,,,,,,,,,,,,,,,,,,,,,,,,,,,,,,,,,,,,,,,,,,,,,,,,,2,34,
2023-10-23 16:00,0,0,0,,0,0,0,0,0,7,4,4,2,0,0,0,,0,0,2,0,0,0,0,0,,0,,0,,0,0,0,0,,1,,2,0,10,0,,0,4,5,3,1,2,0,0,0,5,0,,0,,,0,0,0,0,0,1,0,0,0,0,0,5,0,0,0,0,0,,0,0,0,0,0,0,0,4,0,0,0,0,2,0,11,,10,0,6,10,20,0,,0,0,7,1,0,0,0,0,,,
2023-10-24 00:00,,,,,,,,,,,,,,,,,,,,,,,,,,,,,,,,,,,,,,,,,,,,,,,,,,,,,,,,,,,,,,,,,,,,,,,,,,,,,,,,,,,,,,,,,,,,,,,,,,,,,,,,,,,6,31,
2023-10-24 16:00,0,0,0,3,0,0,0,0,0,25,17,13,10,16,14,0,26,0,0,4,3,7,10,7,0,5,3,,0,,11,5,0,9,,6,,2,0,19,0,8,17,10,20,17,20,15,0,0,1,9,0,7,0,4,,0,0,2,0,5,2,7,1,0,0,2,7,0,0,0,21,5,,3,0,0,0,0,0,0,2,0,0,0,1,3,0,12,,12,0,7,10,20,0,,14,4,7,2,0,0,0,0,,,
2023-10-25 00:00,,,,,,,,,,,,,,,,,,,,,,,,,,,,,,,,,,,,,,,,,,,,,,,,,,,,,,,,,,,,,,,,,,,,,,,,,,,,,,,,,,,,,,,,,,,,,,,,,,,,,,,,,,,10,34,
2023-10-25 16:00,0,3,0,8,0,0,0,0,0,27,17,12,8,17,11,0,30,0,0,0,22,6,10,9,8,4,11,28,6,26,21,26,0,9,5,6,,2,0,26,0,10,20,10,22,23,21,16,0,0,1,15,12,8,0,4,0,0,0,8,0,8,5,9,13,0,7,33,7,4,,0,42,23,,25,37,0,7,0,0,0,2,0,0,0,0,4,0,13,,12,0,6,5,21,0,,47,5,9,3,0,0,0,0,,,
2023-10-26 00:00,,,,,,,,,,,,,,,,,,,,,,,,,,,,,,,,,,,,,,,,,,,,,,,,,,,,,,,,,,,,,,,,,,,,,,,,,,,,,,,,,,,,,,,,,,,,,,,,,,,,,,,,,,,13,36,
2023-10-26 16:00,0,4,3,3,0,0,0,0,0,27,16,10,8,16,10,,29,13,0,10,22,7,9,12,11,4,11,28,7,23,19,26,0,9,10,7,,2,10,26,0,10,19,10,22,23,22,15,0,0,6,16,12,8,0,3,3,0,0,9,0,8,6,10,13,0,8,28,7,1,2,0,41,23,,23,41,0,13,0,0,0,2,0,0,2,3,4,0,14,9,15,0,7,7,19,12,,69,8,14,5,0,0,0,0,,,
2023-10-27 00:00,,,,,,,,,,,,,,,,,,,,,,,,,,,,,,,,,,,,,,,,,,,,,,,,,,,,,,,,,,,,,,,,,,,,,,,,,,,,,,,,,,,,,,,,,,,,,,,,,,,,,,,,,,,14,35,
2023-10-27 16:00,7,4,7,3,0,0,0,0,0,29,15,9,10,15,10,,28,9,0,22,22,9,9,15,1,3,11,29,7,21,19,27,0,9,14,8,,2,20,27,0,11,19,8,22,25,24,15,0,0,13,17,13,9,0,3,8,1,0,9,0,8,7,11,13,0,8,25,7,2,7,0,40,23,,22,41,0,16,0,0,0,3,0,0,3,3,4,0,14,,16,0,7,1,19,13,2,90,11,20,6,0,0,0,0,,,
2023-10-28 16:00,15,4,9,1,0,0,0,0,0,27,12,9,13,15,10,,27,23,0,35,22,11,9,17,3,3,11,28,7,20,19,26,0,9,15,9,,2,29,26,0,15,18,8,23,23,26,16,0,0,14,17,13,11,0,1,11,2,0,11,0,10,8,12,13,0,8,24,8,2,11,0,40,23,,22,41,0,21,0,0,0,4,0,0,3,5,5,0,14,10,15,1,7,,19,13,6,99,14,22,6,0,0,0,0,,,0
2023-10-29 00:00,,,,,,,,,,,,,,,,,,,,,,,,,,,,,,,,,,,,,,,,,,,,,,,,,,,,,,,,,,,,,,,,,,,,,,,,,,,,,,,,,,,,,,,,,,,,,,,,,,,,,,,,,,,17,32,
2023-10-29 16:00,21,4,11,1,0,0,0,1,0,29,11,10,14,16,10,,27,37,0,40,24,12,10,15,6,2,11,29,8,20,19,25,0,10,15,9,,2,39,27,0,21,18,8,25,23,28,15,0,0,16,17,13,14,0,4,13,3,4,13,0,12,9,12,13,0,10,23,9,2,17,0,40,23,,22,42,0,24,0,0,0,4,0,0,4,6,4,0,14,10,14,4,7,,19,13,7,99,16,26,5,0,0,0,0,,,0
2023-10-30 00:00,,,,,,,,,,,,,,,,,,,,,,,,,,,,,,,,,,,,,,,,,,,,,,,,,,,,,,,,,,,,,,,,,,,,,,,,,,,,,,,,,,,,,,,,,,,,,,,,,,,,,,,,,,,19,30,
2023-10-30 16:00,29,4,14,0,0,0,0,3,0,30,11,10,14,15,9,,27,46,0,47,24,11,12,12,7,2,11,29,8,19,20,25,0,11,15,9,,2,42,29,0,26,17,8,27,25,30,15,0,0,18,17,13,18,0,7,15,4,8,14,0,14,9,11,13,0,14,22,10,3,22,0,40,23,,23,43,7,28,0,0,0,4,0,0,4,10,4,0,13,9,14,6,7,6,19,13,8,93,18,33,5,0,0,0,0,,,1
2023-10-31 00:00,,,,,,,,,,,,,,,,,,,,,,,,,,,,,,,,,,,,,,,,,,,,,,,,,,,,,,,,,,,,,,,,,,,,,,,,,,,,,,,,,,,,,,,,,,,,,,,,,,,,,,,,,,,20,28,
2023-10-31 16:00,30,5,15,,0,0,7,6,0,30,12,10,16,15,8,,27,52,0,52,25,11,15,10,9,3,11,29,9,19,21,24,0,12,15,9,,2,46,32,0,28,17,9,28,25,32,16,0,0,21,17,13,19,0,8,15,6,12,11,0,15,9,12,13,0,17,19,10,3,27,0,40,23,,24,44,11,29,0,0,,5,4,0,7,11,5,0,14,8,12,5,7,9,18,13,10,82,20,36,5,0,0,0,0,,,5
2023-11-01 00:00,,,,,,,,,,,,,,,,,,,,,,,,,,,,,,,,,,,,,,,,,,,,,,,,,,,,,,,,,,,,,,,,,,,,,,,,,,,,,,,,,,,,,,,,,,,,,,,,,,,,,,,,,,,20,28,
2023-11-01 16:00,35,5,15,,0,0,14,7,0,31,15,9,12,17,8,0,27,55,0,57,25,10,17,10,10,3,11,29,9,18,21,23,0,13,14,8,,2,49,34,0,31,17,9,29,27,32,16,0,0,23,17,13,21,0,9,16,8,14,8,0,17,8,11,13,0,17,19,10,4,33,0,40,23,,24,44,15,30,0,0,0,6,4,0,7,11,5,0,13,8,11,5,7,10,18,12,10,71,21,37,5,0,0,0,0,,,6
2023-11-02 00:00,,,,,,,,,,,,,,,,,,,,,,,,,,,,,,,,,,,,,,,,,,,,,,,,,,,,,,,,,,,,,,,,,,,,,,,,,,,,,,,,,,,,,,,,,,,,,,,,,,,,,,,,,,,21,29,
2023-11-02 16:00,38,6,15,,0,0,12,9,0,32,14,10,10,28,15,1,32,53,0,55,28,11,26,13,9,10,11,30,11,9,25,5,0,13,17,9,,2,53,46,1,35,19,11,31,29,35,18,1,6,27,19,16,23,0,14,24,16,18,9,2,24,15,22,20,9,23,0,11,14,35,3,35,16,,12,36,27,31,0,0,,6,5,0,9,11,8,0,14,8,10,2,7,7,18,11,9,74,20,33,6,0,0,0,0,,,6
2023-11-03 00:00,,,,,,,,,,,,,,,,,,,,,,,,,,,,,,,,,,,,,,,,,,,,,,,,,,,,,,,,,,,,,,,,,,,,,,,,,,,,,,,,,,,,,,,,,,,,,,,,,,,,,,,,,,,21,28,
2023-11-03 16:00,42,8,21,,0,0,18,15,1,46,27,34,2,30,7,2,28,55,0,66,29,8,26,10,26,8,5,25,13,,4,3,0,24,33,21,,2,62,59,18,48,32,20,43,38,44,32,12,10,43,27,25,27,0,25,32,27,21,10,7,19,15,25,19,5,12,0,11,10,37,3,17,1,,,15,34,38,0,0,0,5,5,0,16,11,6,2,13,9,10,3,7,3,18,11,12,74,27,34,6,0,0,0,0,,,7
2023-11-04 00:00,,,,,,,,,,,,,,,,,,,,,,,,,,,,,,,,,,,,,,,,,,,,,,,,,,,,,,,,,,,,,,,,,,,,,,,,,,,,,,,,,,,,,,,,,,,,,,,,,,,,,,,,,,,21,28,
2023-11-04 16:00,44,17,26,,1,0,21,25,2,57,30,44,0,37,3,2,22,63,,85,26,8,41,12,30,18,3,22,17,0,5,2,0,40,47,40,,2,67,74,34,63,47,32,55,45,49,36,13,13,51,29,25,35,0,46,35,36,18,10,9,15,15,34,17,3,12,0,11,4,37,5,5,2,,,5,32,42,1,0,0,4,16,0,20,11,7,3,16,10,,1,7,10,19,11,20,69,41,33,6,0,0,0,0,,,8
2023-11-05 00:00,,,,,,,,,,,,,,,,,,,,,,,,,,,,,,,,,,,,,,,,,,,,,,,,,,,,,,,,,,,,,,,,,,,,,,,,,,,,,,,,,,,,,,,,,,,,,,,,,,,,,,,,,,,22,30,
2023-11-05 16:00,46,18,23,1,4,0,22,29,4,60,25,39,0,41,0,2,12,63,,81,14,6,42,8,34,16,3,16,14,0,0,3,0,41,48,49,,2,67,83,37,82,55,37,66,60,56,45,6,12,60,24,20,38,0,64,37,51,13,7,9,10,13,37,11,3,5,0,10,2,37,4,4,1,,,2,30,49,10,10,11,7,19,0,21,16,11,9,30,20,27,,15,23,35,15,18,93,66,25,11,2,7,0,0,,,9
2023-11-06 00:00,,,,,,,,,,,,,,,,,,,,,,,,,,,,,,,,,,,,,,,,,,,,,,,,,,,,,,,,,,,,,,,,,,,,,,,,,,,,,,,,,,,,,,,,,,,,,,,,,,,,,,,,,,,24,51,
2023-11-06 16:00,46,19,22,,,0,23,29,6,65,24,41,,44,,3,10,59,,84,10,6,44,9,38,16,3,23,15,0,0,3,0,40,46,52,,2,65,87,37,82,56,38,67,62,57,44,0,11,59,25,18,38,0,64,41,51,12,8,10,9,16,41,16,3,5,0,10,2,37,4,4,4,,,6,26,57,11,11,15,9,12,0,24,16,14,10,30,20,26,,15,25,36,17,17,79,65,23,12,3,10,0,0,,,9
2023-11-07 00:00,,,,,,,,,,,,,,,,,,,,,,,,,,,,,,,,,,,,,,,,,,,,,,,,,,,,,,,,,,,,,,,,,,,,,,,,,,,,,,,,,,,,,,,,,,,,,,,,,,,,,,,,,,,,57,
2023-11-07 16:00,46,22,22,22,3,0,34,33,7,66,24,44,,49,,3,9,60,,86,10,8,44,8,42,15,4,31,15,,3,15,0,41,55,54,,2,75,95,40,85,57,40,67,64,56,45,,26,73,54,29,40,0,70,58,84,14,13,21,26,23,52,19,11,10,0,10,1,37,3,3,1,,,5,28,61,13,12,20,13,14,0,30,18,19,11,31,22,25,,17,29,38,22,14,71,70,15,14,4,10,0,0,,,10
2023-11-08 00:00,,,,,,,,,,,,,,,,,,,,,,,,,,,,,,,,,,,,,,,,,,,,,,,,,,,,,,,,,,,,,,,,,,,,,,,,,,,,,,,,,,,,,,,,,,,,,,,,,,,,,,,,,,,36,53,
2023-11-08 16:00,45,23,22,26,6,0,50,44,8,64,28,36,0,47,,3,5,56,,88,10,9,44,10,46,15,6,32,14,0,,15,0,46,58,60,,2,80,100,44,92,61,44,,,,48,0,33,79,57,30,43,0,71,66,89,31,12,38,32,33,59,30,9,10,0,8,0,38,4,4,2,,0,3,28,62,13,13,20,10,16,0,29,24,25,11,31,22,,,17,31,37,22,12,64,69,13,15,5,13,7,0,,,10
2023-11-09 00:00,,,,,,,,,,,,,,,,,,,,,,,,,,,,,,,,,,,,,,,,,,,,,,,,,,,,,,,,,,,,,,,,,,,,,,,,,,,,,,,,,,,,,,,,,,,,,,,,,,,,,,,,,,,39,56,
2023-11-09 16:00,46,24,22,23,6,0,51,45,14,66,31,44,0,48,,3,5,56,,86,10,10,44,11,51,15,5,35,15,,,14,0,47,60,62,,2,78,100,48,93,,46,71,68,57,52,0,33,79,56,29,44,0,71,66,90,33,12,39,31,33,60,29,8,10,0,8,1,43,3,4,1,,0,2,30,61,14,12,20,11,17,0,29,25,24,13,31,22,24,,17,32,38,22,16,56,71,11,14,6,13,10,0,,,13
2023-11-10 00:00,,,,,,,,,,,,,,,,,,,,,,,,,,,,,,,,,,,,,,,,,,,,,,,,,,,,,,,,,,,,,,,,,,,,,,,,,,,,,,,,,,,,,,,,,,,,,,,,,,,,,,,,,,,51,94,
2023-11-10 16:00,46,27,22,23,9,0,63,47,21,72,47,56,1,50,,3,8,58,0,96,10,10,47,13,55,22,6,46,18,21,9,26,3,60,67,68,,2,82,107,56,98,67,50,73,71,57,54,0,34,85,58,30,44,0,73,68,97,34,15,41,31,34,66,30,8,12,15,15,6,45,15,20,20,,9,8,32,84,14,14,23,14,26,11,44,29,28,14,32,22,,,17,34,38,27,19,57,77,8,15,5,14,20,6,,,18
2023-11-11 00:00,,,,,,,,,,,,,,,,,,,,,,,,,,,,,,,,,,,,,,,,,,,,,,,,,,,,,,,,,,,,,,,,,,,,,,,,,,,,,,,,,,,,,,,,,,,,,,,,,,,,,,,,,,,63,120,
2023-11-11 16:00,51,35,25,27,12,5,72,57,27,81,79,84,31,95,13,3,35,63,0,122,13,10,95,36,59,48,9,65,63,89,32,81,53,93,74,102,,10,83,121,71,110,92,73,91,92,59,59,22,36,87,60,31,46,0,83,72,113,36,23,43,32,42,69,39,8,28,86,70,27,70,91,132,55,,9,36,74,98,15,18,27,17,32,23,69,35,38,18,33,23,25,,18,48,38,33,19,69,90,16,20,6,14,25,6,,,18
2023-11-12 00:00,,,,,,,,,,,,,,,,,,,,,,,,,,,,,,,,,,,,,,,,,,,,,,,,,,,,,,,,,,,,,,,,,,,,,,,,,,,,,,,,,,,,,,,,,,,,,,,,,,,,,,,,,,,70,130,
2023-11-12 16:00,71,37,28,41,13,23,99,68,43,84,86,87,39,100,15,3,43,59,0,129,17,9,102,38,63,50,10,85,78,96,36,121,70,104,79,116,,23,84,129,79,122,99,102,108,109,80,72,16,39,105,72,40,63,0,103,80,133,36,27,46,38,45,73,41,11,47,79,80,35,73,100,140,88,,15,37,87,118,15,19,28,21,34,24,81,53,38,20,34,23,25,,19,49,38,35,15,73,92,15,21,5,14,25,6,,,21
2023-11-13 00:00,,,,,,,,,,,,,,,,,,,,,,,,,,,,,,,,,,,,,,,,,,,,,,,,,,,,,,,,,,,,,,,,,,,,,,,,,,,,,,,,,,,,,,,,,,,,,,,,,,,,,,,,,,,71,133,
2023-11-13 16:00,75,40,37,43,16,25,103,74,47,88,95,96,50,107,19,3,48,64,0,145,18,9,114,41,67,56,10,92,90,121,44,141,80,112,78,135,,24,83,134,84,123,107,109,116,116,80,73,15,39,105,71,40,65,0,106,81,140,41,29,45,39,46,77,41,13,53,84,94,51,82,120,169,123,,23,48,90,120,16,18,29,22,45,37,90,77,38,21,37,25,33,2,19,50,42,36,19,76,98,15,21,6,14,24,9,,,21
2023-11-14 00:00,,,,,,,,,,,,,,,,,,,,,,,,,,,,,,,,,,,,,,,,,,,,,,,,,,,,,,,,,,,,,,,,,,,,,,,,,,,,,,,,,,,,,,,,,,,,,,,,,,,,,,,,,,,71,134,
2023-11-14 16:00,79,42,42,75,16,45,132,86,62,90,98,96,47,107,18,3,48,62,0,152,20,12,115,40,76,56,10,88,91,120,46,143,79,117,81,145,,26,91,141,87,,113,120,129,130,93,84,11,42,120,76,42,74,0,119,89,144,38,32,51,40,47,81,41,14,53,94,93,51,83,118,168,122,,22,47,92,125,16,16,30,22,46,38,100,87,39,23,38,25,31,5,19,51,40,37,19,81,102,22,22,8,15,30,4,,,30
2023-11-15 00:00,,,,,,,,,,,,,,,,,,,,,,,,,,,,,,,,,,,,,,,,,,,,,,,,,,,,,,,,,,,,,,,,,,,,,,,,,,,,,,,,,,,,,,,,,,,,,,,,,,,,,,,,,,,82,141,
2023-11-15 16:00,79,46,44,90,17,60,146,98,84,100,115,112,45,108,19,3,50,60,0,152,20,12,116,40,84,56,10,85,92,116,46,141,78,119,82,150,,27,89,141,89,137,114,123,132,131,95,84,6,42,120,75,42,74,0,119,88,145,41,27,50,40,47,81,41,15,54,31,92,52,83,118,167,122,,22,47,105,137,16,18,34,24,50,40,117,93,43,23,39,,35,7,20,55,39,39,23,83,111,26,26,7,15,31,5,,,33
2023-11-16 00:00,,,,,,,,,,,,,,,,,,,,,,,,,,,,,,,,,,,,,,,,,,,,,,,,,,,,,,,,,,,,,,,,,,,,,,,,,,,,,,,,,,,,,,,,,,,,,,,,,,,,,,,,,,,83,143,
2023-11-16 16:00,79,46,44,87,19,63,148,98,91,101,115,112,42,107,19,3,51,58,0,151,20,17,117,40,84,55,12,88,92,119,49,143,79,120,82,151,,27,,143,94,140,120,126,134,133,99,87,3,47,127,79,42,75,0,119,91,145,39,30,57,42,52,86,43,19,55,53,90,51,83,118,168,121,,22,48,105,147,19,18,42,25,50,41,119,92,48,25,39,25,31,8,19,58,39,41,24,90,112,37,28,9,15,37,3,,,33
2023-11-17 00:00,,,,,,,,,,,,,,,,,,,,,,,,,,,,,,,,,,,,,,,,,,,,,,,,,,,,,,,,,,,,,,,,,,,,,,,,,,,,,,,,,,,,,,,,,,,,,,,,,,,,,,,,,,,115,181,
2023-11-17 16:00,82,55,53,110,25,74,160,106,104,100,125,111,40,108,19,2,51,63,0,168,20,15,117,40,97,55,13,84,92,120,49,141,79,121,82,163,,27,93,143,95,140,119,128,137,135,98,86,3,47,127,79,42,76,0,122,91,146,42,30,57,42,52,86,43,20,57,79,90,49,84,117,168,120,,21,49,106,154,24,25,51,29,55,41,137,92,55,28,38,25,28,16,19,61,39,45,28,110,110,80,34,9,15,50,2,,,37
2023-11-18 00:00,,,,,,,,,,,,,,,,,,,,,,,,,,,,,,,,,,,,,,,,,,,,,,,,,,,,,,,,,,,,,,,,,,,,,,,,,,,,,,,,,,,,,,,,,,,,,,,,,,,,,,,,,,,141,210,
2023-11-18 16:00,84,57,54,108,28,76,160,105,114,101,129,112,41,107,19,2,51,64,0,169,22,15,116,41,98,55,13,83,93,116,50,141,79,120,83,164,,28,92,143,96,141,118,128,137,135,98,86,2,47,127,78,42,76,1,121,91,147,45,31,58,42,52,87,43,21,58,118,90,49,86,116,167,119,,22,51,105,162,26,27,56,32,56,41,139,92,57,34,39,25,31,17,21,62,40,50,29,124,106,92,37,9,15,65,3,,,37
2023-11-19 00:00,,,,,,,,,,,,,,,,,,,,,,,,,,,,,,,,,,,,,,,,,,,,,,,,,,,,,,,,,,,,,,,,,,,,,,,,,,,,,,,,,,,,,,,,,,,,,,,,,,,,,,,,,,,157,238,
2023-11-19 16:00,85,59,54,112,33,76,160,104,115,101,143,115,39,109,20,3,53,64,0,170,22,16,118,40,99,56,13,87,96,123,54,156,87,124,85,165,,29,99,148,98,145,119,128,138,135,97,87,2,50,130,78,43,76,2,123,94,156,49,32,59,45,54,89,44,22,59,83,90,49,86,117,191,120,,24,51,107,165,28,28,62,37,67,44,140,91,61,41,40,24,29,17,23,63,41,56,29,137,117,94,37,8,16,73,2,,,37
2023-11-20 00:00,,,,,,,,,,,,,,,,,,,,,,,,,,,,,,,,,,,,,,,,,,,,,,,,,,,,,,,,,,,,,,,,,,,,,,,,,,,,,,,,,,,,,,,,,,,,,,,,,,,,,,,,,,,164,227,
2023-11-20 16:00,84,58,56,120,33,82,171,109,115,101,145,118,37,109,19,2,53,58,0,177,22,17,118,39,106,57,13,87,97,127,59,162,90,138,87,169,,32,,152,104,149,123,130,141,136,100,90,1,51,138,80,44,78,1,125,102,156,46,32,61,45,55,91,44,22,60,80,88,48,86,115,186,117,,22,49,107,185,30,31,67,45,71,43,148,93,67,43,39,26,29,18,24,66,40,59,24,146,126,94,40,11,18,80,2,,,39
2023-11-21 00:00,,,,,,,,,,,,,,,,,,,,,,,,,,,,,,,,,,,,,,,,,,,,,,,,,,,,,,,,,,,,,,,,,,,,,,,,,,,,,,,,,,,,,,,,,,,,,,,,,,,,,,,,,,,216,309,
2023-11-21 16:00,85,60,56,114,40,,170,109,115,109,,136,37,111,19,2,53,63,0,178,22,17,121,39,107,57,13,83,97,127,59,158,90,142,87,169,,33,98,152,105,149,122,130,141,136,99,90,1,51,138,80,44,78,0,125,102,158,48,32,61,45,55,92,44,22,62,75,88,45,92,114,185,114,,22,50,122,192,33,41,76,53,79,47,146,94,76,49,43,29,28,18,26,74,44,67,26,160,143,103,46,22,26,115,0,,,58
2023-11-22 00:00,,,,,,,,,,,,,,,,,,,,,,,,,,,,,,,,,,,,,,,,,,,,,,,,,,,,,,,,,,,,,,,,,,,,,,,,,,,,,,,,,,,,,,,,,,,,,,,,,,,,,,,,,,,250,345,
2023-11-22 16:00,87,64,58,146,40,,185,115,128,111,,136,38,110,19,2,54,63,0,185,22,17,125,40,108,61,13,79,99,135,67,169,91,143,89,172,,33,101,157,109,157,126,135,146,139,101,93,4,55,144,95,50,82,1,128,109,166,52,33,62,45,56,95,44,23,63,93,88,50,92,119,195,119,,23,53,128,192,33,41,77,54,79,48,166,96,78,49,44,29,31,22,28,74,45,69,23,160,144,103,46,22,27,117,,,,61
2023-11-23 00:00,,,,,,,,,,,,,,,,,,,,,,,,,,,,,,,,,,,,,,,,,,,,,,,,,,,,,,,,,,,,,,,,,,,,,,,,,,,,,,,,,,,,,,,,,,,,,,,,,,,,,,,,,,,251,348,
2023-11-23 16:00,89,68,58,158,38,94,188,116,143,112,,138,39,110,19,2,54,60,0,187,22,17,125,39,108,61,16,77,98,140,67,172,92,143,89,174,,33,,158,109,159,127,136,146,140,103,95,0,55,144,97,50,84,1,128,109,165,49,32,63,45,57,97,45,23,61,110,87,50,92,119,194,117,,11,51,129,190,33,42,78,55,79,49,166,95,78,50,45,,32,22,27,74,,69,19,159,144,101,47,22,28,118,,,,62
2023-11-24 00:00,,,,,,,,,,,,,,,,,,,,,,,,,,,,,,,,,,,,,,,,,,,,,,,,,,,,,,,,,,,,,,,,,,,,,,,,,,,,,,,,,,,,,,,,,,,,,,,,,,,,,,,,,,,252,352,
2023-11-24 16:00,89,68,58,156,39,94,187,114,147,111,168,138,41,108,20,2,54,58,0,186,22,18,124,39,107,61,16,75,98,138,67,172,92,144,89,174,,33,,159,109,159,126,137,146,139,103,94,0,55,144,97,50,85,1,125,109,164,43,34,63,45,58,96,45,24,61,41,86,49,92,119,194,115,,1,48,129,190,33,41,78,56,79,47,165,96,78,50,44,29,31,22,27,74,,70,22,160,144,99,47,23,27,122,,,,70
2023-11-25 00:00,,,,,,,,,,,,,,,,,,,,,,,,,,,,,,,,,,,,,,,,,,,,,,,,,,,,,,,,,,,,,,,,,,,,,,,,,,,,,,,,,,,,,,,,,,,,,,,,,,,,,,,,,,,262,366,
2023-11-25 16:00,89,68,58,162,40,96,187,113,147,113,169,136,42,106,22,2,54,60,0,188,22,18,124,40,108,61,17,74,98,135,68,170,92,142,90,173,,33,97,158,109,159,126,136,146,140,102,93,0,55,144,96,50,85,1,125,109,164,49,35,62,45,57,96,45,25,62,138,87,49,92,118,193,113,,1,51,128,190,34,41,78,56,79,47,164,96,78,50,45,30,35,22,28,74,45,70,23,160,145,98,47,22,27,123,,,,76
2023-11-26 00:00,,,,,,,,,,,,,,,,,,,,,,,,,,,,,,,,,,,,,,,,,,,,,,,,,,,,,,,,,,,,,,,,,,,,,,,,,,,,,,,,,,,,,,,,,,,,,,,,,,,,,,,,,,,264,369,
2023-11-26 16:00,89,69,58,158,41,95,187,111,148,115,170,135,43,105,24,2,54,60,0,189,22,18,124,41,107,61,18,72,98,137,69,170,92,142,90,172,,33,97,158,109,159,126,136,146,140,102,93,0,55,144,96,50,86,1,125,110,163,52,34,62,45,58,97,45,25,62,155,87,51,94,118,193,114,,1,50,129,188,34,41,80,58,78,47,164,96,79,50,45,30,33,22,28,74,45,70,24,158,146,98,48,23,28,123,,,,76
2023-11-27 00:00,,,,,,,,,,,,,,,,,,,,,,,,,,,,,,,,,,,,,,,,,,,,,,,,,,,,,,,,,,,,,,,,,,,,,,,,,,,,,,,,,,,,,,,,,,,,,,,,,,,,,,,,,,,264,370,
2023-11-27 16:00,89,69,58,153,41,96,186,108,148,114,167,133,45,103,27,2,54,60,0,189,22,19,123,43,107,61,18,70,98,137,69,170,92,143,91,172,,33,96,158,110,159,125,137,146,140,103,93,0,56,144,95,51,86,1,125,110,163,52,34,63,45,58,97,44,25,63,152,86,50,95,118,193,115,,4,50,128,190,35,42,84,58,78,48,164,96,79,51,44,29,31,22,27,75,45,71,27,162,148,98,49,23,29,127,,,,77
2023-11-28 00:00,,,,,,,,,,,,,,,,,,,,,,,,,,,,,,,,,,,,,,,,,,,,,,,,,,,,,,,,,,,,,,,,,,,,,,,,,,,,,,,,,,,,,,,,,,,,,,,,,,,,,,,,,,,273,396,
2023-11-28 16:00,90,69,58,158,42,97,191,108,148,114,165,134,45,102,28,2,55,58,0,190,22,22,124,44,106,62,18,68,98,138,69,172,92,145,91,172,,33,94,159,109,159,125,137,146,139,104,93,0,55,144,95,51,86,1,124,110,163,56,33,63,45,59,98,44,25,63,98,86,51,98,119,194,115,,2,52,126,201,35,42,86,58,80,49,174,97,80,51,44,29,32,23,28,75,46,72,29,168,150,107,50,24,29,132,,,,81
2023-11-29 00:00,,,,,,,,,,,,,,,,,,,,,,,,,,,,,,,,,,,,,,,,,,,,,,,,,,,,,,,,,,,,,,,,,,,,,,,,,,,,,,,,,,,,,,,,,,,,,,,,,,,,,,,,,,,281,406,
2023-11-29 16:00,90,69,58,165,42,98,195,106,148,117,165,133,47,100,29,2,56,57,0,192,22,21,124,45,107,62,18,65,98,138,68,172,92,143,91,171,,33,,159,109,159,125,137,146,139,105,93,0,55,144,94,51,86,1,123,110,163,53,34,62,45,60,99,44,24,62,86,86,53,98,119,194,114,,2,56,125,202,36,44,89,63,81,51,176,97,82,54,45,,36,23,30,76,45,73,27,166,149,113,50,23,29,131,,,,96
2023-11-30 00:00,,,,,,,,,,,,,,,,,,,,,,,,,,,,,,,,,,,,,,,,,,,,,,,,,,,,,,,,,,,,,,,,,,,,,,,,,,,,,,,,,,,,,,,,,,,,,,,,,,,,,,,,,,,281,406,
2023-11-30 16:00,90,69,58,150,44,99,196,102,148,117,166,137,49,96,30,2,58,57,0,193,22,22,123,48,107,62,17,63,98,137,67,172,89,143,91,171,,33,,160,109,159,125,137,146,138,106,93,0,55,144,95,51,86,1,122,111,162,54,35,62,46,60,100,44,25,62,65,89,51,99,119,194,110,,5,60,125,201,36,38,90,64,77,48,177,97,82,55,47,,39,23,30,73,43,77,29,169,155,115,49,25,30,132,,,,96
2023-12-01 00:00,,,,,,,,,,,,,,,,,,,,,,,,,,,,,,,,,,,,,,,,,,,,,,,,,,,,,,,,,,,,,,,,,,,,,,,,,,,,,,,,,,,,,,,,,,,,,,,,,,,,,,,,,,,284,411,
2023-12-01 16:00,91,70,59,148,47,100,196,102,149,120,171,142,51,93,32,3,66,58,0,194,22,21,124,47,109,63,18,65,99,144,70,176,98,144,92,172,,33,98,163,112,160,126,138,146,138,107,93,0,56,144,94,51,88,1,122,112,164,57,37,61,48,63,102,47,26,63,142,92,54,99,124,212,120,,24,68,128,202,36,41,89,63,79,48,176,96,82,55,46,,41,23,28,70,42,79,31,169,158,115,50,27,31,132,,,,96
2023-12-02 00:00,,,,,,,,,,,,,,,,,,,,,,,,,,,,,,,,,,,,,,,,,,,,,,,,,,,,,,,,,,,,,,,,,,,,,,,,,,,,,,,,,,,,,,,,,,,,,,,,,,,,,,,,,,,286,413,
2023-12-02 16:00,94,72,59,153,50,100,196,103,149,121,193,154,58,103,34,4,67,65,0,201,27,20,137,48,114,75,20,82,115,182,92,225,134,157,96,178,,36,107,176,119,167,133,141,148,141,108,95,5,60,150,97,53,91,3,127,115,173,63,43,64,49,69,108,55,30,76,267,127,61,102,157,249,156,,78,97,137,208,36,42,88,63,85,53,178,97,83,56,46,31,44,23,30,73,43,82,34,174,169,117,50,27,31,133,,,,96
2023-12-03 00:00,,,,,,,,,,,,,,,,,,,,,,,,,,,,,,,,,,,,,,,,,,,,,,,,,,,,,,,,,,,,,,,,,,,,,,,,,,,,,,,,,,,,,,,,,,,,,,,,,,,,,,,,,,,285,412,
2023-12-03 16:00,97,73,64,161,51,103,201,109,149,127,207,162,57,106,35,4,67,68,0,208,28,23,138,49,124,81,20,83,117,192,94,241,140,167,101,184,,50,116,187,127,173,139,144,151,145,111,97,8,69,157,106,57,95,8,131,125,185,66,43,67,49,72,111,56,31,79,243,131,63,105,164,261,165,,102,98,150,218,37,42,89,63,87,55,187,98,84,56,46,32,45,29,30,76,43,83,37,177,181,118,50,27,31,135,,,,96
2023-12-04 00:00,,,,,,,,,,,,,,,,,,,,,,,,,,,,,,,,,,,,,,,,,,,,,,,,,,,,,,,,,,,,,,,,,,,,,,,,,,,,,,,,,,,,,,,,,,,,,,,,,,,,,,,,,,,298,439,
2023-12-04 16:00,104,78,68,196,54,115,215,127,149,128,235,173,60,109,37,3,72,76,0,220,32,23,144,52,132,95,21,89,126,211,103,257,156,190,105,199,,65,124,200,138,189,152,157,167,162,118,106,25,72,164,112,60,102,9,142,130,196,73,46,69,52,76,121,60,34,83,287,141,65,111,178,275,173,,118,101,160,229,38,46,92,65,91,59,197,105,88,59,45,31,44,39,30,81,43,84,37,185,196,126,52,26,30,141,,,,96
2023-12-05 00:00,,,,,,,,,,,,,,,,,,,,,,,,,,,,,,,,,,,,,,,,,,,,,,,,,,,,,,,,,,,,,,,,,,,,,,,,,,,,,,,,,,,,,,,,,,,,,,,,,,,,,,,,,,,315,481,
2023-12-05 16:00,121,93,75,200,58,,220,149,149,137,289,201,76,172,44,4,99,92,0,242,38,23,199,70,143,150,24,89,173,187,101,235,160,244,118,241,,96,143,228,170,232,186,187,196,190,130,127,64,82,197,125,68,114,23,178,146,247,84,50,76,54,81,134,64,38,93,193,166,72,113,205,277,174,,112,99,183,257,40,51,97,68,106,71,212,113,94,62,46,32,44,44,30,87,44,89,41,198,224,133,53,26,30,148,,,,96
2023-12-06 00:00,,,,,,,,,,,,,,,,,,,,,,,,,,,,,,,,,,,,,,,,,,,,,,,,,,,,,,,,,,,,,,,,,,,,,,,,,,,,,,,,,,,,,,,,,,,,,,,,,,,,,,,,,,,343,518,
2023-12-06 16:00,135,95,76,206,59,,218,148,150,142,319,218,79,178,44,4,94,93,0,243,35,22,208,71,143,159,21,83,178,177,93,224,146,249,116,248,,99,149,231,172,242,190,197,207,222,148,147,65,86,208,114,58,163,18,217,144,253,80,50,76,56,83,141,65,32,94,174,164,83,113,210,281,186,,105,104,194,257,41,51,100,74,107,74,212,115,95,63,46,31,43,43,31,89,45,90,39,205,234,140,57,25,30,162,,,,97
2023-12-07 00:00,,,,,,,,,,,,,,,,,,,,,,,,,,,,,,,,,,,,,,,,,,,,,,,,,,,,,,,,,,,,,,,,,,,,,,,,,,,,,,,,,,,,,,,,,,,,,,,,,,,,,,,,,,,353,527,
2023-12-07 16:00,135,97,83,214,59,131,219,149,160,146,320,220,79,179,45,4,93,94,0,247,34,22,210,74,151,158,22,77,179,174,93,234,144,246,120,251,,99,158,236,172,248,194,197,212,229,156,151,64,94,224,121,68,193,13,231,167,288,87,51,85,54,86,144,69,29,93,161,162,83,113,210,279,185,,100,103,194,257,42,51,101,76,108,74,213,115,95,64,48,,47,43,33,89,44,90,33,203,235,140,57,26,31,162,,,,105
2023-12-08 00:00,,,,,,,,,,,,,,,,,,,,,,,,,,,,,,,,,,,,,,,,,,,,,,,,,,,,,,,,,,,,,,,,,,,,,,,,,,,,,,,,,,,,,,,,,,,,,,,,,,,,,,,,,,,354,529,
2023-12-08 16:00,134,97,83,220,61,131,221,148,173,142,319,219,78,180,44,4,93,90,0,247,36,23,211,74,150,158,26,82,178,181,121,249,154,241,119,253,,99,158,236,169,249,193,197,212,229,160,151,64,96,227,128,74,201,11,234,184,299,92,57,90,59,91,146,69,32,94,170,160,83,114,209,278,186,82,100,103,195,257,42,51,101,76,107,73,212,115,95,65,48,,52,43,30,89,43,91,32,204,234,138,57,26,31,163,,,,109
2023-12-09 00:00,,,,,,,,,,,,,,,,,,,,,,,,,,,,,,,,,,,,,,,,,,,,,,,,,,,,,,,,,,,,,,,,,,,,,,,,,,,,,,,,,,,,,,,,,,,,,,,,,,,,,,,,,,,355,531,
2023-12-09 16:00,134,97,84,202,62,134,225,149,181,149,,227,78,178,44,4,94,92,0,250,35,24,212,74,151,157,27,82,178,183,121,251,156,239,119,253,,99,158,235,170,249,192,197,212,229,161,152,58,96,228,126,74,202,10,233,187,298,87,52,91,59,92,146,66,32,93,137,161,84,114,207,279,191,84,108,104,,256,42,51,102,76,104,71,213,115,96,65,47,32,53,43,30,89,43,92,40,207,246,141,57,27,31,165,,,,115
2023-12-10 00:00,,,,,,,,,,,,,,,,,,,,,,,,,,,,,,,,,,,,,,,,,,,,,,,,,,,,,,,,,,,,,,,,,,,,,,,,,,,,,,,,,,,,,,,,,,,,,,,,,,,,,,,,,,,380,576,
2023-12-10 16:00,136,107,105,232,65,142,231,161,184,153,,228,83,186,47,5,100,112,0,278,37,23,222,76,176,170,28,85,187,205,141,314,170,269,134,276,,112,179,265,194,271,211,204,220,237,163,152,84,108,251,129,76,207,21,236,193,310,103,61,100,65,107,164,76,39,109,208,178,90,113,241,291,200,89,158,124,,275,45,56,110,80,114,83,230,116,104,68,47,32,56,54,31,94,43,94,47,220,264,143,61,26,31,175,,,,122
2023-12-11 00:00,,,,,,,,,,,,,,,,,,,,,,,,,,,,,,,,,,,,,,,,,,,,,,,,,,,,,,,,,,,,,,,,,,,,,,,,,,,,,,,,,,,,,,,,,,,,,,,,,,,,,,,,,,,385,,
2023-12-11 16:00,138,108,106,239,66,154,234,163,186,157,,228,84,189,48,5,103,115,0,279,39,25,223,78,177,169,33,86,188,197,142,304,170,274,138,278,,124,187,273,199,280,213,206,224,243,165,153,90,115,258,128,77,209,28,243,196,315,106,64,104,65,112,167,78,41,112,245,176,92,114,243,303,198,87,151,120,216,275,46,57,110,81,114,84,230,118,105,69,48,,59,54,32,94,44,95,45,218,265,140,61,26,31,175,,,,122
2023-12-12 00:00,,,,,,,,,,,,,,,,,,,,,,,,,,,,,,,,,,,,,,,,,,,,,,,,,,,,,,,,,,,,,,,,,,,,,,,,,,,,,,,,,,,,,,,,,,,,,,,,,,,,,,,,,,,384,535,
2023-12-12 16:00,138,109,106,232,68,155,235,163,188,158,,230,84,189,48,5,103,115,0,279,39,27,224,78,177,169,33,83,187,199,141,303,169,274,139,278,,126,187,274,199,280,212,206,224,243,165,155,90,115,257,125,77,209,27,242,196,318,103,65,106,66,115,169,79,41,112,262,175,94,115,241,301,197,85,147,122,216,275,46,56,111,82,114,84,230,116,105,69,47,32,62,54,30,94,43,95,45,216,266,143,62,27,31,176,,,,122
2023-12-13 00:00,,,,,,,,,,,,,,,,,,,,,,,,,,,,,,,,,,,,,,,,,,,,,,,,,,,,,,,,,,,,,,,,,,,,,,,,,,,,,,,,,,,,,,,,,,,,,,,,,,,,,,,,,,,411,595,
2023-12-13 16:00,138,111,106,223,68,156,233,164,189,160,365,232,83,184,48,5,104,115,0,279,39,26,224,78,179,169,33,82,188,202,141,302,169,274,137,279,,126,186,273,198,280,,206,224,244,164,155,89,114,256,127,77,209,25,242,195,320,105,65,106,66,112,169,78,41,112,255,176,94,118,242,301,194,87,146,122,221,280,45,57,115,83,114,85,229,118,105,71,46,30,63,54,30,94,42,93,52,235,271,166,62,26,31,196,,,,138
2023-12-14 00:00,,,,,,,,,,,,,,,,,,,,,,,,,,,,,,,,,,,,,,,,,,,,,,,,,,,,,,,,,,,,,,,,,,,,,,,,,,,,,,,,,,,,,,,,,,,,,,,,,,,,,,,,,,,447,626,
2023-12-14 16:00,141,112,107,241,70,157,240,169,191,164,372,240,87,186,54,5,107,120,0,281,39,27,237,86,184,187,33,80,194,206,143,307,169,278,141,286,,128,187,275,201,280,213,211,228,244,165,155,94,114,257,126,78,209,25,243,195,323,106,67,106,66,112,169,81,41,113,265,176,102,118,254,313,212,88,166,139,231,280,47,59,116,84,115,86,237,121,106,73,52,31,67,54,34,99,43,93,46,235,277,162,64,24,30,211,,,,157
2023-12-15 00:00,,,,,,,,,,,,,,,,,,,,,,,,,,,,,,,,,,,,,,,,,,,,,,,,,,,,,,,,,,,,,,,,,,,,,,,,,,,,,,,,,,,,,,,,,,,,,,,,,,,,,,,,,,,458,650,
2023-12-15 16:00,142,112,107,232,71,158,240,169,194,165,372,242,87,190,55,6,109,121,0,281,41,31,239,87,184,189,36,79,195,206,145,310,173,281,146,288,,130,195,287,208,290,218,215,235,250,173,161,100,118,265,131,79,214,25,249,195,325,106,74,108,70,122,177,87,47,115,248,176,105,120,256,317,210,88,172,142,231,280,47,59,118,85,114,85,237,121,107,74,53,31,66,54,33,99,43,94,48,233,276,165,64,26,30,211,,,,186
2023-12-16 00:00,,,,,,,,,,,,,,,,,,,,,,,,,,,,,,,,,,,,,,,,,,,,,,,,,,,,,,,,,,,,,,,,,,,,,,,,,,,,,,,,,,,,,,,,,,,,,,,,,,,,,,,,,,,469,657,
2023-12-16 16:00,151,123,117,257,73,189,272,196,206,172,385,259,88,194,56,6,111,126,0,300,41,32,242,88,207,192,37,77,196,203,145,304,173,296,153,304,,135,195,288,215,293,225,228,239,251,177,163,110,118,264,132,79,215,25,249,194,325,108,74,109,69,123,178,87,47,115,228,176,109,122,257,315,210,89,165,142,,302,48,60,118,86,117,89,257,134,108,74,53,31,72,67,34,100,44,94,53,234,281,168,66,25,31,216,,,,195
2023-12-17 00:00,,,,,,,,,,,,,,,,,,,,,,,,,,,,,,,,,,,,,,,,,,,,,,,,,,,,,,,,,,,,,,,,,,,,,,,,,,,,,,,,,,,,,,,,,,,,,,,,,,,,,,,,,,,469,650,
2023-12-17 16:00,151,125,117,264,77,195,278,198,230,173,385,259,87,194,55,6,110,127,0,302,42,33,243,88,208,192,37,76,198,203,145,301,173,302,156,309,,139,197,290,219,295,227,233,242,257,181,165,111,119,267,131,79,219,24,250,194,322,109,75,108,69,123,179,87,47,115,218,175,109,123,257,314,210,88,163,141,263,302,48,59,119,87,117,90,257,134,108,75,54,32,73,66,33,100,42,95,52,234,283,167,66,26,31,216,,,,195
2023-12-18 00:00,,,,,,,,,,,,,,,,,,,,,,,,,,,,,,,,,,,,,,,,,,,,,,,,,,,,,,,,,,,,,,,,,,,,,,,,,,,,,,,,,,,,,,,,,,,,,,,,,,,,,,,,,,,476,662,
2023-12-18 16:00,151,127,118,245,77,197,278,198,253,176,387,263,90,202,59,6,118,127,0,302,43,38,251,89,212,200,37,76,203,202,145,303,173,306,160,311,,140,198,290,227,295,235,236,248,258,184,167,112,119,266,131,79,220,24,250,194,324,111,77,110,69,123,181,87,47,116,205,176,110,124,260,319,209,89,163,141,267,310,49,59,121,85,116,89,259,136,109,75,53,31,74,67,33,100,42,95,55,237,284,173,67,26,32,217,,,,203
2023-12-19 00:00,,,,,,,,,,,,,,,,,,,,,,,,,,,,,,,,,,,,,,,,,,,,,,,,,,,,,,,,,,,,,,,,,,,,,,,,,,,,,,,,,,,,,,,,,,,,,,,,,,,,,,,,,,,478,668,
2023-12-19 16:00,157,129,120,257,82,198,281,212,268,186,403,271,87,205,57,7,113,134,0,307,44,38,256,89,221,200,37,76,203,198,145,301,173,316,163,320,,148,208,297,230,297,235,242,251,259,186,168,112,128,270,132,80,222,26,252,196,327,112,78,110,71,128,186,90,51,116,187,176,110,124,255,318,202,89,155,132,272,313,51,61,125,86,120,94,270,150,111,78,55,33,78,73,34,105,44,98,63,246,298,179,69,26,32,220,,,,203
2023-12-20 00:00,,,,,,,,,,,,,,,,,,,,,,,,,,,,,,,,,,,,,,,,,,,,,,,,,,,,,,,,,,,,,,,,,,,,,,,,,,,,,,,,,,,,,,,,,,,,,,,,,,,,,,,,,,,484,671,
2023-12-20 16:00,159,,122,290,85,208,288,218,277,190,419,277,87,206,56,7,117,140,0,313,45,40,258,88,233,199,37,81,205,187,142,293,172,340,174,329,,151,222,313,248,309,240,245,254,261,187,169,113,129,276,139,82,223,25,259,197,339,111,79,110,71,128,189,90,51,116,167,,108,124,249,312,194,87,141,120,274,330,54,66,130,90,123,101,283,157,115,80,57,34,78,84,35,108,45,101,69,256,305,185,73,29,36,223,,,,203
2023-12-21 00:00,,,,,,,,,,,,,,,,,,,,,,,,,,,,,,,,,,,,,,,,,,,,,,,,,,,,,,,,,,,,,,,,,,,,,,,,,,,,,,,,,,,,,,,,,,,,,,,,,,,,,,,,,,,490,690,
2023-12-21 16:00,160,,122,299,86,211,295,219,287,192,426,280,86,209,54,7,118,146,0,325,46,41,260,89,249,199,37,79,210,176,141,292,161,,192,338,,159,228,325,261,320,246,257,258,265,193,174,113,129,279,140,81,223,22,261,197,339,112,81,110,72,134,194,91,52,116,151,,107,124,243,311,190,85,132,112,281,345,55,67,133,92,126,104,292,158,117,82,57,35,77,86,39,113,45,102,69,264,314,192,77,29,36,227,,,,204
2023-12-22 00:00,,,,,,,,,,,,,,,,,,,,,,,,,,,,,,,,,,,,,,,,,,,,,,,,,,,,,,,,,,,,,,,,,,,,,,,,,,,,,,,,,,,,,,,,,,,,,,,,,,,,,,,,,,,504,716,
2023-12-22 16:00,162,,124,298,90,214,297,220,293,194,,287,92,217,51,8,120,150,0,331,45,40,273,91,256,211,38,77,223,174,141,291,157,,194,348,,161,240,335,268,327,250,261,259,266,194,175,111,134,283,140,79,224,15,262,198,346,114,84,113,72,136,202,91,51,117,130,,113,126,246,316,195,83,127,112,288,376,60,76,153,101,133,108,312,160,121,93,65,42,82,86,46,134,47,113,73,281,343,222,84,29,36,240,,,,204
2023-12-23 00:00,,,,,,,,,,,,,,,,,,,,,,,,,,,,,,,,,,,,,,,,,,,,,,,,,,,,,,,,,,,,,,,,,,,,,,,,,,,,,,,,,,,,,,,,,,,,,,,,,,,,,,,,,,,511,730,
2023-12-23 16:00,165,141,125,322,91,216,302,229,294,195,,294,93,224,49,7,126,148,0,346,46,49,276,92,255,213,40,78,231,179,147,305,167,,205,363,,162,256,363,277,347,264,278,266,274,206,189,117,143,302,152,83,232,10,276,224,360,116,90,121,79,150,212,98,54,120,138,161,115,127,247,314,196,80,124,112,297,379,66,79,156,106,134,108,315,159,126,95,66,45,84,84,48,138,48,115,66,286,347,222,89,28,38,240,,,,203
2023-12-24 00:00,,,,,,,,,,,,,,,,,,,,,,,,,,,,,,,,,,,,,,,,,,,,,,,,,,,,,,,,,,,,,,,,,,,,,,,,,,,,,,,,,,,,,,,,,,,,,,,,,,,,,,,,,,,517,736,
2023-12-24 16:00,163,141,128,308,91,217,303,240,296,196,,297,94,222,48,8,129,147,0,346,44,49,277,92,254,213,37,73,232,180,147,308,169,,206,362,,166,254,360,276,348,264,277,265,273,207,190,110,144,303,152,82,231,6,273,223,362,111,85,122,80,152,215,98,54,120,23,151,117,129,244,314,194,80,119,112,299,379,66,80,158,107,136,110,316,160,127,96,67,45,80,85,48,138,48,117,70,286,348,225,89,30,39,244,,,,220
2023-12-25 00:00,,,,,,,,,,,,,,,,,,,,,,,,,,,,,,,,,,,,,,,,,,,,,,,,,,,,,,,,,,,,,,,,,,,,,,,,,,,,,,,,,,,,,,,,,,,,,,,,,,,,,,,,,,,542,784,
2023-12-25 16:00,164,141,126,306,101,218,303,241,296,201,,306,95,220,52,8,131,146,0,347,43,50,278,93,257,218,37,70,233,183,148,310,170,,205,364,,166,,360,276,348,264,278,265,273,206,188,109,144,304,154,82,231,10,273,222,365,114,86,122,79,149,214,97,54,120,130,162,118,129,248,323,205,83,127,114,301,382,66,80,159,108,136,113,315,161,127,98,68,45,77,84,48,138,48,118,75,287,358,229,89,29,39,250,,,,236
2023-12-26 00:00,,,,,,,,,,,,,,,,,,,,,,,,,,,,,,,,,,,,,,,,,,,,,,,,,,,,,,,,,,,,,,,,,,,,,,,,,,,,,,,,,,,,,,,,,,,,,,,,,,,,,,,,,,,574,826,
2023-12-26 16:00,165,142,126,312,96,218,303,242,296,203,,310,110,236,56,8,134,149,0,351,45,49,302,97,261,259,38,85,263,170,154,329,176,397,204,371,,166,,366,281,349,267,278,266,273,204,187,112,144,307,152,82,231,8,277,222,373,118,88,121,79,147,215,97,55,122,109,172,125,132,291,352,235,83,132,117,310,389,67,87,167,115,145,117,320,162,137,107,68,46,77,84,50,151,47,126,75,298,382,229,91,29,40,261,,,,237
2023-12-27 00:00,,,,,,,,,,,,,,,,,,,,,,,,,,,,,,,,,,,,,,,,,,,,,,,,,,,,,,,,,,,,,,,,,,,,,,,,,,,,,,,,,,,,,,,,,,,,,,,,,,,,,,,,,,,595,852,
2023-12-27 16:00,165,144,127,309,99,219,316,244,297,214,,330,110,237,55,8,133,150,0,353,46,50,305,98,260,259,38,85,268,171,154,326,177,399,205,372,,166,,367,282,350,265,277,266,274,205,188,119,143,307,150,82,231,7,280,223,372,120,89,122,79,150,216,99,54,124,88,163,131,133,292,356,248,84,134,123,317,390,68,89,172,116,145,117,327,175,139,112,69,48,80,85,53,160,48,135,79,311,398,248,97,30,40,264,,,,245
2023-12-28 00:00,,,,,,,,,,,,,,,,,,,,,,,,,,,,,,,,,,,,,,,,,,,,,,,,,,,,,,,,,,,,,,,,,,,,,,,,,,,,,,,,,,,,,,,,,,,,,,,,,,,,,,,,,,,603,858,
2023-12-28 16:00,165,143,126,319,101,219,315,244,297,210,567,328,117,248,59,8,136,150,0,355,49,49,318,100,260,287,41,88,285,164,156,331,177,403,204,378,,166,,371,287,351,266,277,266,275,202,187,119,143,307,149,82,231,8,283,223,372,122,92,120,78,153,218,100,56,126,41,,136,135,299,377,304,84,130,131,313,391,72,92,174,122,150,120,326,175,145,116,69,48,77,86,53,162,48,137,80,320,408,249,98,31,40,270,,,,251
2023-12-29 00:00,,,,,,,,,,,,,,,,,,,,,,,,,,,,,,,,,,,,,,,,,,,,,,,,,,,,,,,,,,,,,,,,,,,,,,,,,,,,,,,,,,,,,,,,,,,,,,,,,,,,,,,,,,,617,892,
2023-12-29 16:00,165,144,127,315,99,219,315,244,297,211,,332,116,250,59,8,133,152,0,354,50,50,320,100,260,291,41,85,291,149,156,329,175,405,205,379,,166,,372,288,351,266,277,266,276,204,188,125,142,308,146,82,231,10,284,223,374,124,93,121,78,152,219,101,56,127,13,,139,135,296,376,320,83,117,126,316,392,72,92,177,122,151,120,326,176,147,117,69,48,77,86,53,162,48,139,81,324,418,250,99,32,40,274,,,,254
2023-12-30 00:00,,,,,,,,,,,,,,,,,,,,,,,,,,,,,,,,,,,,,,,,,,,,,,,,,,,,,,,,,,,,,,,,,,,,,,,,,,,,,,,,,,,,,,,,,,,,,,,,,,,,,,,,,,,630,920,
2023-12-30 16:00,165,145,126,308,101,219,314,244,297,212,,333,115,253,58,8,135,153,0,353,50,50,324,100,261,300,40,83,294,143,153,327,173,405,206,379,,166,,372,289,351,266,276,266,276,204,189,124,143,307,148,82,232,12,283,223,374,126,94,122,78,153,221,101,56,127,0,,137,135,291,370,312,84,98,112,315,392,73,93,181,125,152,121,325,176,148,119,69,47,76,85,53,162,48,142,82,334,423,256,99,34,42,283,,,,270
2023-12-31 00:00,,,,,,,,,,,,,,,,,,,,,,,,,,,,,,,,,,,,,,,,,,,,,,,,,,,,,,,,,,,,,,,,,,,,,,,,,,,,,,,,,,,,,,,,,,,,,,,,,,,,,,,,,,,644,954,
2023-12-31 16:00,165,145,127,320,107,219,315,244,298,211,596,334,117,255,57,8,133,152,0,352,52,50,326,100,260,303,44,84,304,135,154,337,171,,215,382,,166,,384,303,352,270,279,267,277,204,190,126,146,308,146,83,232,6,286,223,375,127,96,128,87,158,228,103,62,127,1,,146,136,293,368,312,81,84,106,315,392,74,97,191,129,154,121,324,175,149,125,69,48,78,85,54,162,49,143,79,341,425,253,100,31,41,287,,,,272
2024-01-01 00:00,,,,,,,,,,,,,,,,,,,,,,,,,,,,,,,,,,,,,,,,,,,,,,,,,,,,,,,,,,,,,,,,,,,,,,,,,,,,,,,,,,,,,,,,,,,,,,,,,,,,,,,,,,,640,962,
2024-01-01 16:00,165,145,127,310,105,219,314,243,298,213,597,338,115,256,50,8,133,149,0,353,52,53,326,100,260,304,44,81,305,138,154,336,172,,217,383,,166,,387,309,359,274,279,267,278,206,193,126,147,316,148,86,233,8,288,229,375,126,92,136,89,159,230,103,64,127,1,,154,136,292,371,320,80,81,108,315,392,74,96,191,130,155,122,324,174,149,121,70,48,74,85,54,162,50,144,80,342,428,253,99,33,40,284,,,,272
2024-01-02 00:00,,,,,,,,,,,,,,,,,,,,,,,,,,,,,,,,,,,,,,,,,,,,,,,,,,,,,,,,,,,,,,,,,,,,,,,,,,,,,,,,,,,,,,,,,,,,,,,,,,,,,,,,,,,640,964,
2024-01-02 16:00,165,145,127,310,109,218,316,243,299,215,599,343,116,257,50,8,135,148,0,353,50,51,326,100,259,304,42,79,306,137,154,337,172,,217,383,,166,,387,309,359,275,279,267,278,207,194,125,147,316,149,86,234,6,288,229,375,123,93,137,90,160,231,103,64,128,1,,144,136,291,369,308,81,81,96,315,394,75,96,192,130,156,123,325,176,149,124,71,48,73,85,55,161,51,145,79,343,431,256,100,38,41,285,,,,272
2024-01-03 00:00,,,,,,,,,,,,,,,,,,,,,,,,,,,,,,,,,,,,,,,,,,,,,,,,,,,,,,,,,,,,,,,,,,,,,,,,,,,,,,,,,,,,,,,,,,,,,,,,,,,,,,,,,,,639,965,
2024-01-03 16:00,165,145,125,306,107,218,318,243,299,216,598,343,118,259,59,8,137,150,0,355,53,53,328,100,261,307,44,86,311,145,156,339,179,,218,384,,166,,398,313,359,276,279,268,278,207,195,123,150,317,148,86,234,4,290,229,378,127,99,138,92,168,238,111,67,130,,,148,136,302,383,325,82,93,104,316,394,75,95,193,133,154,123,326,176,150,126,70,45,73,85,53,161,50,147,81,344,431,257,100,34,42,286,,,,272
2024-01-04 00:00,,,,,,,,,,,,,,,,,,,,,,,,,,,,,,,,,,,,,,,,,,,,,,,,,,,,,,,,,,,,,,,,,,,,,,,,,,,,,,,,,,,,,,,,,,,,,,,,,,,,,,,,,,,639,968,
2024-01-04 16:00,165,147,126,305,113,220,318,243,299,216,602,341,118,262,60,8,135,153,0,357,54,53,328,100,263,312,46,87,314,150,159,344,192,,220,385,,166,,401,319,360,277,280,268,280,207,195,126,153,318,147,86,234,5,292,230,379,130,100,139,94,169,241,112,67,134,,139,141,136,308,411,332,82,101,105,319,401,77,98,201,136,160,125,331,176,154,131,72,,75,87,56,169,50,153,82,356,445,261,104,38,46,293,,,,273
2024-01-05 00:00,,,,,,,,,,,,,,,,,,,,,,,,,,,,,,,,,,,,,,,,,,,,,,,,,,,,,,,,,,,,,,,,,,,,,,,,,,,,,,,,,,,,,,,,,,,,,,,,,,,,,,,,,,,654,992,
2024-01-05 16:00,167,150,127,312,112,223,323,248,299,221,615,347,120,263,56,9,136,156,0,366,55,59,331,102,273,323,46,91,321,165,164,359,214,,231,396,,166,,418,336,374,287,291,271,286,210,201,136,159,328,149,88,236,1,297,233,383,129,102,140,95,171,255,115,68,135,,146,147,137,314,427,343,82,111,121,325,411,77,100,203,137,163,127,340,178,154,134,73,,76,89,57,171,50,154,82,362,455,269,105,41,49,296,,,,273
2024-01-06 00:00,,,,,,,,,,,,,,,,,,,,,,,,,,,,,,,,,,,,,,,,,,,,,,,,,,,,,,,,,,,,,,,,,,,,,,,,,,,,,,,,,,,,,,,,,,,,,,,,,,,,,,,,,,,656,1000,
2024-01-06 16:00,172,158,134,312,116,227,324,251,300,221,628,349,139,285,73,10,154,168,22,377,56,63,357,107,290,341,48,83,352,245,186,409,284,,244,413,,170,,433,355,400,307,305,287,298,215,210,162,162,353,158,89,242,2,308,237,408,133,105,145,96,179,269,118,70,136,,206,160,138,361,499,364,85,188,182,333,427,78,102,205,138,168,129,350,179,155,135,72,,77,96,57,172,50,156,79,365,457,265,105,39,48,298,,,,273
2024-01-07 00:00,,,,,,,,,,,,,,,,,,,,,,,,,,,,,,,,,,,,,,,,,,,,,,,,,,,,,,,,,,,,,,,,,,,,,,,,,,,,,,,,,,,,,,,,,,,,,,,,,,,,,,,,,,,658,1005,
2024-01-07 16:00,174,158,135,328,116,227,324,252,301,219,628,345,138,285,72,10,156,166,0,379,57,68,357,108,289,341,55,84,350,244,200,420,292,,252,412,,173,,443,360,412,310,307,295,305,218,213,165,174,364,164,100,252,3,318,242,418,146,110,159,103,187,283,121,84,142,135,205,152,137,361,497,358,83,185,182,331,427,78,101,206,138,168,129,349,179,155,136,74,,77,96,58,172,50,156,78,365,458,264,105,40,50,298,,,,280
2024-01-08 00:00,,,,,,,,,,,,,,,,,,,,,,,,,,,,,,,,,,,,,,,,,,,,,,,,,,,,,,,,,,,,,,,,,,,,,,,,,,,,,,,,,,,,,,,,,,,,,,,,,,,,,,,,,,,657,1005,
2024-01-08 16:00,173,158,135,319,117,228,325,252,302,223,632,350,139,286,72,10,157,163,0,379,57,68,358,110,289,341,56,83,352,245,198,424,292,,253,412,,173,,443,360,415,311,307,295,306,218,213,162,174,365,168,102,253,1,320,259,427,144,111,160,103,187,285,121,84,142,138,205,154,137,361,500,365,85,194,188,333,428,79,102,207,141,169,129,349,178,156,136,72,45,76,96,56,173,50,158,81,365,461,268,105,45,51,299,,,,281
2024-01-09 00:00,,,,,,,,,,,,,,,,,,,,,,,,,,,,,,,,,,,,,,,,,,,,,,,,,,,,,,,,,,,,,,,,,,,,,,,,,,,,,,,,,,,,,,,,,,,,,,,,,,,,,,,,,,,658,1009,
2024-01-09 16:00,180,173,143,315,119,234,331,255,303,238,645,364,158,308,85,11,170,179,0,399,70,70,384,116,305,365,66,119,389,304,227,491,374,,264,432,,179,,468,379,433,324,319,309,321,224,222,180,184,385,182,107,261,12,333,273,451,160,130,174,113,218,304,140,94,173,210,246,168,140,411,561,417,93,270,243,352,433,79,102,209,142,173,133,356,182,157,138,76,,83,100,58,173,52,159,89,366,470,272,106,43,52,300,,,,281
2024-01-10 00:00,,,,,,,,,,,,,,,,,,,,,,,,,,,,,,,,,,,,,,,,,,,,,,,,,,,,,,,,,,,,,,,,,,,,,,,,,,,,,,,,,,,,,,,,,,,,,,,,,,,,,,,,,,,656,1009,
2024-01-10 16:00,181,169,144,336,119,238,333,261,305,234,642,360,161,310,88,13,190,176,32,407,87,73,385,119,306,365,72,134,393,325,278,540,407,,272,436,,189,,492,386,451,332,326,316,329,231,233,188,200,411,193,113,276,16,355,291,481,166,135,200,116,229,308,145,97,197,219,257,166,143,417,579,422,92,279,244,351,433,80,102,209,143,174,133,358,183,158,137,78,,88,100,59,173,54,159,85,365,471,264,106,43,52,300,,,,281
2024-01-11 00:00,,,,,,,,,,,,,,,,,,,,,,,,,,,,,,,,,,,,,,,,,,,,,,,,,,,,,,,,,,,,,,,,,,,,,,,,,,,,,,,,,,,,,,,,,,,,,,,,,,,,,,,,,,,655,1009,
2024-01-11 16:00,180,166,144,345,118,240,334,268,307,236,640,359,162,311,88,13,191,171,35,409,94,76,385,120,,365,79,139,392,327,305,554,415,,273,436,,193,,496,383,452,331,328,319,332,237,235,183,201,412,202,116,276,16,355,305,483,163,141,203,120,234,313,149,102,204,215,257,171,145,419,578,422,91,278,245,,433,79,104,211,144,173,132,359,183,158,140,80,,97,97,60,173,55,158,79,364,470,260,106,43,52,302,,,,281
2024-01-12 00:00,,,,,,,,,,,,,,,,,,,,,,,,,,,,,,,,,,,,,,,,,,,,,,,,,,,,,,,,,,,,,,,,,,,,,,,,,,,,,,,,,,,,,,,,,,,,,,,,,,,,,,,,,,,654,1009,
2024-01-12 16:00,180,165,144,340,120,242,335,277,323,239,643,363,161,311,88,12,191,162,37,409,94,77,385,120,305,364,81,,390,330,310,557,417,,,436,,198,,496,376,453,331,327,319,333,240,233,178,202,414,204,120,276,15,355,306,483,153,140,206,121,237,311,150,102,210,216,256,173,144,423,570,422,81,277,246,,433,80,103,212,145,170,131,359,183,158,142,81,,103,89,61,173,55,160,77,365,461,260,105,48,54,302,,,,281
2024-01-13 00:00,,,,,,,,,,,,,,,,,,,,,,,,,,,,,,,,,,,,,,,,,,,,,,,,,,,,,,,,,,,,,,,,,,,,,,,,,,,,,,,,,,,,,,,,,,,,,,,,,,,,,,,,,,,653,1005,
2024-01-13 16:00,179,168,144,332,125,246,334,278,312,243,646,366,160,310,86,12,191,163,38,409,93,80,384,120,305,364,81,133,391,330,314,555,423,,273,436,,198,,497,375,453,330,326,319,334,240,234,176,202,414,205,120,277,17,354,307,486,154,142,206,121,237,314,149,102,216,205,255,173,144,422,573,422,75,278,248,,433,80,100,212,146,167,127,360,182,158,142,81,,109,81,60,170,54,161,79,364,476,266,104,40,53,301,,,,281
2024-01-14 00:00,,,,,,,,,,,,,,,,,,,,,,,,,,,,,,,,,,,,,,,,,,,,,,,,,,,,,,,,,,,,,,,,,,,,,,,,,,,,,,,,,,,,,,,,,,,,,,,,,,,,,,,,,,,652,1004,
2024-01-14 16:00,179,167,142,340,136,247,331,278,309,240,641,359,160,311,92,12,192,170,37,410,93,77,383,119,304,363,81,127,388,329,313,553,420,,273,435,,199,,501,377,452,329,326,318,333,238,231,174,201,414,206,120,277,18,354,307,485,161,142,202,121,239,311,149,102,209,211,256,159,145,418,567,421,76,283,259,346,433,80,96,211,144,164,122,360,182,158,141,81,,112,70,57,161,55,161,76,364,477,259,105,43,54,303,,,,280
2024-01-15 00:00,,,,,,,,,,,,,,,,,,,,,,,,,,,,,,,,,,,,,,,,,,,,,,,,,,,,,,,,,,,,,,,,,,,,,,,,,,,,,,,,,,,,,,,,,,,,,,,,,,,,,,,,,,,651,1004,
2024-01-15 16:00,180,166,142,331,139,246,330,274,309,239,641,357,161,311,93,12,192,167,37,412,93,79,383,118,303,362,80,123,388,329,313,553,415,,273,434,,201,,500,376,451,329,326,317,333,237,228,173,200,414,204,120,277,18,353,307,484,161,141,200,121,239,311,148,102,205,216,256,154,144,417,566,420,77,286,258,346,433,81,98,213,145,162,119,359,184,160,140,78,,114,62,57,148,51,161,78,366,477,257,106,42,56,305,,,,280
2024-01-16 00:00,,,,,,,,,,,,,,,,,,,,,,,,,,,,,,,,,,,,,,,,,,,,,,,,,,,,,,,,,,,,,,,,,,,,,,,,,,,,,,,,,,,,,,,,,,,,,,,,,,,,,,,,,,,652,1007,
2024-01-16 16:00,182,178,143,328,144,249,334,270,310,251,646,364,161,311,94,12,192,182,36,420,94,78,383,118,311,363,81,119,392,330,310,552,416,,276,438,,201,,499,382,450,331,328,318,333,236,228,174,199,413,203,119,277,17,354,309,488,167,138,201,121,239,315,148,102,207,210,269,157,144,416,568,418,78,286,259,353,437,87,105,222,156,168,127,365,193,164,147,82,52,117,64,64,149,60,173,93,378,483,275,109,42,54,315,,,,296
2024-01-17 00:00,,,,,,,,,,,,,,,,,,,,,,,,,,,,,,,,,,,,,,,,,,,,,,,,,,,,,,,,,,,,,,,,,,,,,,,,,,,,,,,,,,,,,,,,,,,,,,,,,,,,,,,,,,,658,1009,
2024-01-17 16:00,187,186,149,327,144,250,337,271,335,257,650,372,171,319,102,14,202,192,42,427,98,87,391,127,318,366,89,125,399,345,323,569,431,,287,443,,202,,509,398,454,344,338,328,340,241,232,183,205,419,207,122,279,22,356,315,494,175,146,206,127,248,325,155,109,213,215,285,174,145,429,581,421,86,303,270,358,438,88,107,223,156,169,129,369,199,165,149,83,55,119,69,65,154,60,174,96,378,485,275,104,45,55,316,,,,297
2024-01-18 00:00,,,,,,,,,,,,,,,,,,,,,,,,,,,,,,,,,,,,,,,,,,,,,,,,,,,,,,,,,,,,,,,,,,,,,,,,,,,,,,,,,,,,,,,,,,,,,,,,,,,,,,,,,,,656,1005,
2024-01-18 16:00,185,177,149,342,142,249,336,271,352,251,644,366,174,325,106,13,208,179,48,426,107,92,393,130,310,367,95,126,397,354,341,589,435,,289,440,,207,,512,394,460,347,339,331,345,242,228,181,213,425,219,136,287,31,364,325,502,175,152,209,131,254,322,161,114,220,224,290,164,146,438,583,423,93,302,273,350,439,88,108,223,157,169,131,368,200,166,147,85,,122,69,65,159,54,172,90,378,483,262,107,38,52,315,,,,296
2024-01-19 00:00,,,,,,,,,,,,,,,,,,,,,,,,,,,,,,,,,,,,,,,,,,,,,,,,,,,,,,,,,,,,,,,,,,,,,,,,,,,,,,,,,,,,,,,,,,,,,,,,,,,,,,,,,,,655,975,
2024-01-19 16:00,186,187,149,332,142,251,337,271,356,258,650,376,179,331,110,14,211,192,46,426,109,99,395,131,316,372,98,125,405,367,344,599,444,,291,440,,207,,516,400,459,348,339,331,344,242,229,182,216,426,219,137,287,31,364,329,506,187,155,212,136,264,331,165,119,224,242,291,179,149,449,612,454,139,346,296,360,439,88,109,223,158,168,131,368,200,166,150,87,,122,69,65,163,55,174,95,379,484,274,109,48,56,315,,,,297
2024-01-20 00:00,,,,,,,,,,,,,,,,,,,,,,,,,,,,,,,,,,,,,,,,,,,,,,,,,,,,,,,,,,,,,,,,,,,,,,,,,,,,,,,,,,,,,,,,,,,,,,,,,,,,,,,,,,,653,961,
2024-01-20 16:00,196,195,154,350,143,256,353,278,356,264,660,391,181,334,111,15,213,215,52,435,111,105,400,131,326,378,99,117,413,360,345,605,441,,302,453,,218,,532,413,471,355,347,336,350,244,229,193,231,434,219,139,297,34,366,336,520,202,157,223,139,275,346,169,124,228,226,299,184,153,462,628,453,145,348,301,383,446,88,107,223,158,170,138,384,210,166,151,87,,125,77,65,168,55,175,104,382,490,279,109,50,58,315,,,,297
2024-01-21 00:00,,,,,,,,,,,,,,,,,,,,,,,,,,,,,,,,,,,,,,,,,,,,,,,,,,,,,,,,,,,,,,,,,,,,,,,,,,,,,,,,,,,,,,,,,,,,,,,,,,,,,,,,,,,654,963,
2024-01-21 16:00,202,197,159,357,143,266,357,284,358,266,662,391,184,336,112,15,214,220,53,442,112,106,402,134,339,378,99,125,414,366,345,589,452,562,305,459,,238,,541,421,475,358,350,337,352,246,228,196,232,440,224,143,302,37,370,341,528,206,157,225,143,278,351,170,127,228,220,298,190,156,465,635,448,145,346,304,387,447,90,109,226,159,172,140,386,211,168,150,89,,126,82,68,173,56,176,109,384,490,280,112,42,55,317,,,,297
2024-01-22 00:00,,,,,,,,,,,,,,,,,,,,,,,,,,,,,,,,,,,,,,,,,,,,,,,,,,,,,,,,,,,,,,,,,,,,,,,,,,,,,,,,,,,,,,,,,,,,,,,,,,,,,,,,,,,656,967,
2024-01-22 16:00,205,199,163,362,147,272,359,286,360,265,659,389,185,338,112,15,214,220,58,442,112,106,403,135,340,378,100,127,420,372,349,586,465,567,305,466,,253,,551,429,477,363,354,338,354,247,228,202,233,443,232,144,302,39,371,342,538,207,159,226,144,284,359,175,127,229,244,288,189,158,473,656,451,145,351,305,386,452,93,113,237,163,175,144,389,211,174,151,92,,128,84,69,179,58,179,110,389,491,282,115,52,62,320,,,,297
2024-01-23 00:00,,,,,,,,,,,,,,,,,,,,,,,,,,,,,,,,,,,,,,,,,,,,,,,,,,,,,,,,,,,,,,,,,,,,,,,,,,,,,,,,,,,,,,,,,,,,,,,,,,,,,,,,,,,658,970,
2024-01-23 16:00,207,198,164,370,149,274,361,287,360,262,659,386,187,342,115,16,214,222,58,447,118,107,406,137,342,379,104,134,424,368,357,607,473,,313,473,,267,,576,452,488,374,361,342,360,248,232,216,237,454,242,146,303,40,384,346,554,213,163,229,145,297,374,178,129,232,225,287,183,158,477,674,448,144,349,316,385,457,93,113,243,166,177,144,392,213,175,152,90,59,128,87,68,182,57,180,110,393,492,282,116,49,61,322,,,,304
2024-01-24 00:00,,,,,,,,,,,,,,,,,,,,,,,,,,,,,,,,,,,,,,,,,,,,,,,,,,,,,,,,,,,,,,,,,,,,,,,,,,,,,,,,,,,,,,,,,,,,,,,,,,,,,,,,,,,661,976,
2024-01-24 16:00,210,199,162,366,152,,364,296,361,265,662,392,188,343,115,16,211,227,58,448,118,108,409,137,346,382,105,132,430,367,355,618,483,,314,476,,283,,584,457,495,376,366,343,362,251,235,225,240,467,246,147,306,40,385,349,559,215,166,234,147,303,386,181,131,233,216,285,187,159,476,687,453,144,353,326,390,466,93,114,252,167,180,145,401,217,177,153,90,60,126,89,69,184,58,182,113,396,497,287,118,51,62,323,,,,314
2024-01-25 00:00,,,,,,,,,,,,,,,,,,,,,,,,,,,,,,,,,,,,,,,,,,,,,,,,,,,,,,,,,,,,,,,,,,,,,,,,,,,,,,,,,,,,,,,,,,,,,,,,,,,,,,,,,,,662,980,
2024-01-25 16:00,210,197,161,383,156,,367,302,363,262,661,391,189,347,116,16,211,232,59,447,123,108,412,138,347,388,107,135,433,398,360,633,490,,316,477,,288,,598,459,501,377,371,347,365,252,239,227,244,470,255,150,308,38,387,350,565,223,170,236,151,316,395,186,134,233,228,287,184,159,490,722,467,145,370,343,386,470,95,117,253,172,182,147,406,217,178,155,90,60,125,94,69,186,59,183,112,400,501,284,119,49,61,324,,,,314
2024-01-26 00:00,,,,,,,,,,,,,,,,,,,,,,,,,,,,,,,,,,,,,,,,,,,,,,,,,,,,,,,,,,,,,,,,,,,,,,,,,,,,,,,,,,,,,,,,,,,,,,,,,,,,,,,,,,,663,984,
2024-01-26 16:00,210,198,164,386,154,292,371,307,365,263,667,397,189,348,116,16,214,232,58,446,124,108,413,138,349,392,107,137,439,408,364,640,494,624,316,480,,291,,604,465,508,379,377,349,368,256,240,223,246,478,260,151,309,35,387,353,569,223,175,237,151,318,401,188,134,235,233,289,185,160,493,747,473,143,365,350,387,485,97,119,256,174,182,148,414,218,180,155,90,59,123,94,69,188,59,184,115,402,508,289,121,47,60,326,,,,314
2024-01-27 00:00,,,,,,,,,,,,,,,,,,,,,,,,,,,,,,,,,,,,,,,,,,,,,,,,,,,,,,,,,,,,,,,,,,,,,,,,,,,,,,,,,,,,,,,,,,,,,,,,,,,,,,,,,,,672,1000,
2024-01-27 16:00,213,199,174,398,158,294,377,309,366,263,679,408,192,350,116,17,218,242,57,452,128,109,417,139,364,399,111,136,444,406,367,655,503,632,319,486,,291,,616,473,513,382,379,351,372,257,242,223,249,485,264,152,310,,389,355,578,230,181,243,154,332,413,197,137,241,233,288,187,160,500,783,485,143,358,352,403,533,98,122,261,176,193,154,429,219,183,162,91,61,138,103,71,200,60,192,115,417,519,277,123,49,62,335,,,,333
2024-01-28 00:00,,,,,,,,,,,,,,,,,,,,,,,,,,,,,,,,,,,,,,,,,,,,,,,,,,,,,,,,,,,,,,,,,,,,,,,,,,,,,,,,,,,,,,,,,,,,,,,,,,,,,,,,,,,689,1007,
2024-01-28 16:00,214,199,176,404,165,295,380,313,367,265,704,410,191,353,116,17,214,246,59,458,132,110,429,141,367,414,112,142,443,384,361,676,531,660,325,504,,305,,632,498,533,396,395,366,384,264,262,235,254,500,269,153,312,,417,361,599,239,179,247,154,337,417,199,136,243,189,290,185,161,526,781,480,140,337,341,405,571,99,125,265,180,205,155,434,220,187,169,93,63,143,104,73,213,62,197,114,430,543,293,127,47,60,341,,,,337
2024-01-29 00:00,,,,,,,,,,,,,,,,,,,,,,,,,,,,,,,,,,,,,,,,,,,,,,,,,,,,,,,,,,,,,,,,,,,,,,,,,,,,,,,,,,,,,,,,,,,,,,,,,,,,,,,,,,,693,1015,
2024-01-29 16:00,217,201,178,395,166,295,373,315,368,268,716,410,199,356,114,17,220,251,59,460,127,105,440,156,368,434,108,134,455,339,348,623,504,669,321,516,,307,,642,502,540,397,399,371,393,270,264,230,252,518,261,147,317,,427,350,620,238,171,248,154,338,,197,130,239,139,291,186,162,522,783,465,138,314,322,,575,100,132,267,184,207,154,435,222,188,174,93,54,142,104,72,215,62,206,118,420,561,300,128,50,62,358,,,,348
2024-01-30 00:00,,,,,,,,,,,,,,,,,,,,,,,,,,,,,,,,,,,,,,,,,,,,,,,,,,,,,,,,,,,,,,,,,,,,,,,,,,,,,,,,,,,,,,,,,,,,,,,,,,,,,,,,,,,725,1061,
2024-01-30 16:00,217,198,179,394,171,294,356,318,379,273,718,415,180,362,98,16,208,254,60,424,117,86,462,151,348,466,105,131,452,282,336,568,483,694,311,532,,307,,644,502,542,399,399,376,399,275,265,224,248,517,255,142,319,,431,345,622,234,161,245,151,327,417,191,121,238,93,265,178,162,493,737,453,136,285,282,409,578,104,124,268,186,212,149,419,218,191,179,100,62,130,101,81,227,68,211,115,410,577,294,133,52,62,363,,,,359
2024-01-31 00:00,,,,,,,,,,,,,,,,,,,,,,,,,,,,,,,,,,,,,,,,,,,,,,,,,,,,,,,,,,,,,,,,,,,,,,,,,,,,,,,,,,,,,,,,,,,,,,,,,,,,,,,,,,,735,1074,
2024-01-31 16:00,217,203,178,385,167,295,355,317,382,277,734,429,175,362,96,16,205,257,60,439,107,84,467,151,349,468,103,118,458,273,328,551,472,695,311,526,,308,,647,504,543,400,408,380,399,275,265,221,248,517,254,140,320,,432,343,624,233,154,247,151,323,420,185,117,237,50,261,180,165,486,730,451,135,256,266,412,573,104,123,269,187,215,153,421,217,190,182,98,60,127,100,80,234,66,211,122,429,585,302,135,49,62,363,,,,367
2024-02-01 00:00,,,,,,,,,,,,,,,,,,,,,,,,,,,,,,,,,,,,,,,,,,,,,,,,,,,,,,,,,,,,,,,,,,,,,,,,,,,,,,,,,,,,,,,,,,,,,,,,,,,,,,,,,,,740,1084,
2024-02-01 16:00,217,200,176,809,182,295,349,317,383,280,735,431,167,362,92,16,205,258,57,454,98,64,469,152,343,469,100,115,460,245,319,535,463,704,306,525,,308,,652,505,543,403,407,383,399,275,262,217,248,510,254,138,320,,433,341,624,235,140,245,148,319,416,176,106,238,18,259,174,165,467,725,458,133,233,246,405,572,106,129,277,192,218,151,419,219,197,192,99,59,126,100,83,238,66,220,126,443,592,298,139,50,62,367,,,,368
2024-02-02 00:00,,,,,,,,,,,,,,,,,,,,,,,,,,,,,,,,,,,,,,,,,,,,,,,,,,,,,,,,,,,,,,,,,,,,,,,,,,,,,,,,,,,,,,,,,,,,,,,,,,,,,,,,,,,739,1095,
2024-02-02 16:00,217,200,173,811,187,295,347,317,383,282,731,431,156,366,87,16,198,254,51,452,94,51,478,154,341,469,101,109,462,236,314,527,451,698,306,521,,308,,676,503,544,398,407,386,399,276,259,213,247,503,252,136,320,,433,341,628,238,129,243,145,321,416,173,98,240,1,254,174,165,464,718,487,132,226,247,,563,109,133,280,196,220,153,418,219,198,195,100,58,123,99,85,243,67,225,124,448,590,298,142,52,64,371,,,,377
2024-02-03 00:00,,,,,,,,,,,,,,,,,,,,,,,,,,,,,,,,,,,,,,,,,,,,,,,,,,,,,,,,,,,,,,,,,,,,,,,,,,,,,,,,,,,,,,,,,,,,,,,,,,,,,,,,,,,746,1098,
2024-02-03 16:00,218,203,173,827,189,294,357,318,384,288,731,435,147,369,83,15,199,252,50,453,93,46,481,152,340,469,96,97,464,233,318,526,444,685,307,521,,308,,683,506,547,398,408,388,399,280,257,208,246,504,253,141,320,,434,349,630,237,118,241,144,320,414,169,96,240,3,244,173,164,465,720,489,130,213,247,,567,118,138,288,203,231,160,419,225,205,202,106,62,146,98,89,248,75,233,123,458,589,293,147,47,63,377,,,,377
2024-02-04 00:00,,,,,,,,,,,,,,,,,,,,,,,,,,,,,,,,,,,,,,,,,,,,,,,,,,,,,,,,,,,,,,,,,,,,,,,,,,,,,,,,,,,,,,,,,,,,,,,,,,,,,,,,,,,746,1088,
2024-02-04 16:00,218,205,175,812,185,293,361,318,385,287,738,450,146,375,77,15,195,249,52,461,91,48,478,158,341,471,102,84,469,237,318,529,443,679,309,527,,308,,692,510,548,400,409,397,403,288,258,208,252,510,259,161,326,,434,359,645,245,124,247,144,325,423,172,100,239,1,237,184,164,462,718,487,129,207,248,416,569,118,138,288,204,229,163,422,221,205,201,104,63,122,99,88,251,74,234,123,461,588,300,147,54,65,378,,,,376
2024-02-05 00:00,,,,,,,,,,,,,,,,,,,,,,,,,,,,,,,,,,,,,,,,,,,,,,,,,,,,,,,,,,,,,,,,,,,,,,,,,,,,,,,,,,,,,,,,,,,,,,,,,,,,,,,,,,,750,1092,
2024-02-05 16:00,220,206,185,800,183,294,362,317,385,284,736,438,148,375,83,16,198,251,50,461,91,52,480,149,348,471,102,70,469,241,317,532,443,678,311,526,,307,,699,515,552,404,414,402,411,294,260,209,255,515,261,161,333,,436,360,651,249,130,251,145,329,430,173,100,239,1,213,185,160,459,717,488,129,193,250,412,566,119,139,289,206,225,167,423,218,205,201,108,64,112,101,92,252,75,234,123,463,585,310,147,50,64,377,,,,376
2024-02-06 00:00,,,,,,,,,,,,,,,,,,,,,,,,,,,,,,,,,,,,,,,,,,,,,,,,,,,,,,,,,,,,,,,,,,,,,,,,,,,,,,,,,,,,,,,,,,,,,,,,,,,,,,,,,,,749,1087,
2024-02-06 16:00,221,207,188,803,177,294,367,321,385,295,736,453,150,380,72,16,198,255,51,461,91,53,481,149,351,472,104,53,471,243,320,536,443,674,312,527,,307,,710,516,553,407,415,407,415,296,261,209,257,520,264,162,337,,450,361,662,256,138,251,148,336,442,176,103,240,1,197,194,160,457,715,489,129,187,255,424,565,118,130,289,206,215,172,425,219,205,195,102,63,,101,88,252,72,236,123,467,583,314,146,58,67,377,,,,376
2024-02-07 00:00,,,,,,,,,,,,,,,,,,,,,,,,,,,,,,,,,,,,,,,,,,,,,,,,,,,,,,,,,,,,,,,,,,,,,,,,,,,,,,,,,,,,,,,,,,,,,,,,,,,,,,,,,,,747,1091,
2024-02-07 16:00,221,207,188,812,188,294,369,322,386,288,730,435,149,380,64,15,198,257,50,463,91,53,484,144,348,472,106,35,473,238,323,545,441,684,313,532,,307,,730,527,558,416,419,410,419,299,263,215,257,521,267,161,338,,455,361,666,260,143,255,152,337,457,176,111,241,0,187,184,161,453,714,489,129,204,254,419,565,119,130,289,206,217,171,426,220,205,196,102,64,115,101,85,249,73,236,123,470,582,308,147,54,66,379,,,,376
2024-02-08 00:00,,,,,,,,,,,,,,,,,,,,,,,,,,,,,,,,,,,,,,,,,,,,,,,,,,,,,,,,,,,,,,,,,,,,,,,,,,,,,,,,,,,,,,,,,,,,,,,,,,,,,,,,,,,746,1093,
2024-02-08 16:00,225,207,187,825,195,295,372,322,387,292,731,429,153,378,88,15,212,256,50,467,90,54,484,145,347,472,105,21,470,249,324,551,439,682,314,534,,307,,729,527,558,416,426,410,422,299,263,217,257,523,266,161,338,,456,365,666,263,147,254,151,335,458,176,111,241,1,186,169,161,451,714,489,128,204,262,419,566,121,136,289,208,222,170,430,222,208,199,109,67,117,103,94,251,79,236,122,470,581,310,151,56,66,379,,,,376
2024-02-09 00:00,,,,,,,,,,,,,,,,,,,,,,,,,,,,,,,,,,,,,,,,,,,,,,,,,,,,,,,,,,,,,,,,,,,,,,,,,,,,,,,,,,,,,,,,,,,,,,,,,,,,,,,,,,,744,1093,
2024-02-09 16:00,225,206,183,836,198,294,373,323,389,288,731,429,145,378,64,15,208,252,51,469,90,56,484,151,345,472,108,9,475,252,327,563,440,680,312,539,,307,547,726,523,561,416,426,411,425,301,264,229,258,527,276,167,340,,458,380,667,262,150,255,152,336,458,178,114,241,1,168,171,161,449,714,488,127,203,270,420,570,121,139,289,208,226,168,432,225,208,200,108,67,118,103,95,252,80,236,118,469,582,308,152,53,66,379,,,,376
2024-02-10 00:00,,,,,,,,,,,,,,,,,,,,,,,,,,,,,,,,,,,,,,,,,,,,,,,,,,,,,,,,,,,,,,,,,,,,,,,,,,,,,,,,,,,,,,,,,,,,,,,,,,,,,,,,,,,743,1096,
2024-02-10 16:00,225,208,176,830,194,295,373,322,389,284,731,418,150,370,95,15,218,253,48,471,91,55,484,143,350,470,106,,469,263,328,568,440,678,315,535,,307,547,724,524,562,416,424,411,425,302,270,233,257,527,275,167,340,,459,378,668,263,137,254,155,337,460,179,117,241,1,200,160,160,446,714,487,128,215,265,415,566,121,128,291,208,215,160,433,223,209,197,102,63,111,104,85,250,74,238,121,471,593,321,149,62,67,382,,,,376
2024-02-11 00:00,,,,,,,,,,,,,,,,,,,,,,,,,,,,,,,,,,,,,,,,,,,,,,,,,,,,,,,,,,,,,,,,,,,,,,,,,,,,,,,,,,,,,,,,,,,,,,,,,,,,,,,,,,,751,1113,
2024-02-11 16:00,226,209,177,844,198,297,377,323,390,293,738,420,155,367,98,15,225,262,52,480,93,58,488,147,362,472,112,,474,285,343,580,450,679,320,537,,307,551,730,532,562,419,422,414,426,303,270,253,261,528,275,168,341,,461,377,672,272,138,259,161,347,467,185,118,247,15,240,170,163,455,735,496,129,226,276,434,567,122,130,290,208,222,156,435,223,210,199,105,64,,105,87,249,75,237,125,469,598,324,151,50,63,382,,,,377
2024-02-12 00:00,,,,,,,,,,,,,,,,,,,,,,,,,,,,,,,,,,,,,,,,,,,,,,,,,,,,,,,,,,,,,,,,,,,,,,,,,,,,,,,,,,,,,,,,,,,,,,,,,,,,,,,,,,,750,1108,
2024-02-12 16:00,229,209,179,854,198,299,376,323,392,290,735,421,160,370,98,16,233,266,61,483,100,69,493,154,363,472,122,,473,307,366,616,471,690,332,545,,307,571,752,552,576,428,426,422,432,306,277,259,274,542,280,177,345,,471,383,688,283,147,268,164,362,483,191,122,252,25,237,169,169,470,759,503,130,224,295,436,571,122,132,291,210,220,151,436,220,211,197,104,63,117,105,91,249,77,238,120,465,600,319,151,48,62,383,,,,390
2024-02-13 00:00,,,,,,,,,,,,,,,,,,,,,,,,,,,,,,,,,,,,,,,,,,,,,,,,,,,,,,,,,,,,,,,,,,,,,,,,,,,,,,,,,,,,,,,,,,,,,,,,,,,,,,,,,,,751,1110,
2024-02-13 16:00,229,209,180,857,201,299,377,323,393,293,736,420,159,371,93,16,234,265,59,481,100,70,492,154,364,472,125,,476,286,362,625,473,693,333,547,,307,573,754,549,578,426,427,424,434,311,277,265,276,542,280,178,348,,474,386,689,281,151,272,160,362,486,189,124,251,23,189,175,172,472,762,504,128,197,298,438,571,123,138,291,211,220,146,436,216,213,199,108,65,125,105,97,249,80,239,121,463,601,322,151,51,62,382,,,,389
2024-02-14 00:00,,,,,,,,,,,,,,,,,,,,,,,,,,,,,,,,,,,,,,,,,,,,,,,,,,,,,,,,,,,,,,,,,,,,,,,,,,,,,,,,,,,,,,,,,,,,,,,,,,,,,,,,,,,752,1110,
2024-02-14 16:00,,,,,,,378,,,,,,,,,,,,,,,,,,,,,,477,,,,,,,,,307,,,,,,,,,,,,,,,,,,,,,,,,164,,488,,,,,,,,,763,,,192,307,,,,,,,,,,,,,,,,,,,,,,,,,,,,,,,,
